route_id,service_id,trip_id,shape_id
510703,5107030201,2877182054,51070302
590600200,5906002000201,2876189729,59060020002
2083379801,5705230202,2877221258,570502302
2083379802,5705240201,2876246742,570502402
59990010,59990010204,2877174652,599900102
520202,5202020204,2876228967,52020202
1473879156,125501201,2876198567,1255012
59990010,59990010204,2877173847,599900102
2083379801,5705230104,2877180505,570502301
5105020,51050200101,2877234246,510502001
2083379802,5705240102,2877210432,570502401
2703103902,134002204,2877162167,1340022
2083379805,57050249102,2877202130,570502491
590603,5906030101,2876189740,59060301
5105140,51051400201,2876186655,510514002
10020011,10020011212,2877199842,100200112
1974833501,57050210202,2877205394,570502102
520202,5202020102,2877238885,52020201
2083379802,5705240202,2877225562,570502402
520202,5202020203,2877224338,52020202
510710,5107100201,2877261553,51071002
1473879156,125501204,2877167320,1255012
520202,5202020204,2876227939,52020202
5105090,51050900101,2877307128,510509001
2083379802,5705240201,2876246750,570502402
2083379802,5705240101,2876225281,570502401
1620431258,152100101,2876196634,1521001
2083379801,5705230101,2876220752,570502301
591000102,5910001020102,2877160062,59100010201
2203541451,57060020116,2876188384,570600201
5025530,5025530101,2876191446,50255301
2843786501,5403001101,2876185894,540300101
2076567801,136001201,2877295076,1360012
2083379802,5705240102,2877210418,570502401
59990010,59990010203,2877203036,599900102
520202,5202020103,2877213178,52020201
2083379801,5705230101,2876216972,570502301
503101,5031010101,2876206244,50310101
501201,5012010201,2876202916,50120102
1974833501,57050210203,2877234227,570502102
6020010,60200100201,2876231899,602001002
2843786501,5403001202,2877182941,540300102
1473879151,125000201,2876200395,1250002
520202,5202020101,2877182915,52020201
2096814851,141601101,2876194818,1416011
520202,5202020203,2877224344,52020202
1620431257,152000201,2876198581,1520002
520251,5202510101,2876210814,52025101
2004504755,57050401101,2876202307,570504011
59990010,59990010205,2876207448,599900102
2083379802,5705240203,2877247682,570502402
2083379801,5705230201,2876237499,570502302
2843786501,5403001102,2877182063,540300101
1620431262,152502103,2877168908,1525021
92591862,925918620101,2876211529,9259186201
2203541451,57060020116,2876188379,570600201
5105140,51051400201,2876186657,510514002
1473879153,125102102,2877193779,1251021
2203541451,57060020214,2877512876,570600202
2070902401,142100203,2877169383,1421002
2203541451,57060020216,2876194815,570600202
59990010,59990010103,2877195650,599900101
2083379802,5705240102,2877212015,570502401
59990040,59990040101,2876192802,599900401
2203541451,57060020116,2876188400,570600201
2203541451,57060020211,2877280278,570600202
6020010,60200100101,2876219571,602001001
2083379801,5705230101,2876222253,570502301
520202,5202020204,2876228956,52020202
510707,5107070103,2877233704,51070701
2203541451,57060020215,2877169390,570600202
59990010,59990010203,2877203011,599900102
59990010,59990010201,2877299337,599900102
2083379801,5705230102,2877209228,570502301
2083379801,5705230201,2876237455,570502302
1473879151,125000102,2877197978,1250001
520202,5202020104,2876213219,52020201
2083379801,5705230201,2876239122,570502302
2076567803,136003201,2877301228,1360032
59990010,59990010102,2877445888,599900101
520202,5202020102,2877238886,52020201
2083379801,5705230204,2877185077,570502302
5025530,5025530204,2877164235,50255302
59990010,59990010204,2877173839,599900102
1473879156,125501102,2877194827,1255011
2083379801,5705230101,2876218573,570502301
2703103902,134002102,2877192689,1340021
1473879152,125101202,2877193796,1251012
59990010,59990010103,2877197204,599900101
59990010,59990010204,2877173850,599900102
59990010,59990010102,2877444926,599900101
2083379801,5705230101,2876219555,570502301
1974833501,57050210103,2877232069,570502101
2843786501,5403001103,2877209239,540300101
520202,5202020203,2877223113,52020202
520202,5202020204,2876227938,52020202
2083379805,57050249205,2877174695,570502492
2083379802,5705240103,2877238875,570502401
520211,5202110103,2877175682,52021101
2083379802,5705240104,2877180526,570502401
1620431258,152100202,2877195647,1521002
2076567803,136003201,2877301219,1360032
5025530,5025530103,2877224303,50255301
2083379802,5705240203,2877248901,570502402
59990010,59990010104,2877167342,599900101
2844734851,5227010102,2877183868,522700101
1620431263,152601201,2876199115,1526012
2083379801,5705230203,2877246502,570502302
520202,5202020101,2877182912,52020201
590600200,5906002000101,2876187554,59060020001
520202,5202020103,2877213180,52020201
2111014951,148511103,2877174690,1485111
1974833501,57050210102,2877203034,570502101
2203541451,57060020216,2876193475,570600202
2083379802,5705240204,2877189957,570502402
500301,5003010203,2877233720,50030102
2203541451,57060020113,2877189973,570600201
2083379801,5705230101,2876220796,570502301
6020010,60200100201,2876232720,602001002
2083379804,57050239102,2877203030,570502391
1473879157,125502101,2876196617,1255021
59990010,59990010205,2876207420,599900102
59990010,59990010102,2877444945,599900101
2703103903,134003101,2877285137,1340031
1974833501,57050210103,2877232074,570502101
59990010,59990010204,2877173827,599900102
2703103902,134002202,2877193752,1340022
591000102,5910001020202,2877160063,59100010202
2083379802,5705240102,2877212013,570502401
6020010,60200100101,2876219565,602001001
1473879152,125101203,2877228214,1251012
1980349061,137600101,2876201633,1376001
1620431259,152201202,2877198724,1522012
2004504757,57050410101,2876200380,570504101
2083379802,5705240101,2876226864,570502401
2083379802,5705240203,2877247688,570502402
520202,5202020204,2876227945,52020202
1473879152,125101104,2877162195,1251011
1473879151,125000104,2877166936,1250001
6020010,60200100101,2876218581,602001001
59990010,59990010103,2877197237,599900101
2083379801,5705230201,2876236139,570502302
2083379801,5705230103,2877235916,570502301
2042522752,141002202,2877201458,1410022
2203541451,57060020216,2876193489,570600202
59990010,59990010202,2877454131,599900102
2203541451,57060020114,2877507536,570600201
1974833501,57050210201,2876209356,570502102
510201,5102010201,2876204848,51020102
2438296401,17030050202,2877183865,170300502
6020010,60200100101,2876220774,602001001
2083379802,5705240201,2876243976,570502402
2100452956,148300201,2876199146,1483002
1473879152,125101104,2877162197,1251011
2042522751,141001201,2876201615,1410012
6020010,60200100101,2876220768,602001001
2083379804,57050239104,2877174661,570502391
520251,5202510202,2877205399,52025102
6020010,60200100201,2876232724,602001002
1473879158,125800201,2877288594,1258002
1473879152,125101104,2877162198,1251011
1473879151,125000201,2876200384,1250002
2435797502,17030020201,2876190796,170300202
2203541451,57060020114,2877507505,570600201
521001,5210010101,2876202325,52100101
2083379801,5705230104,2877178843,570502301
2435797502,17030020104,2877161079,170300201
2203541451,57060020216,2876194816,570600202
1974833502,57050381202,2877299342,570503812
2083379802,5705240101,2876223932,570502401
2076567803,136003101,2877300383,1360031
2083379802,5705240204,2877186864,570502402
1473879151,125000204,2877168912,1250002
2843786501,5403001101,2876185898,540300101
1980349059,137501101,2876203520,1375011
2083379802,5705240101,2876225255,570502401
59990010,59990010201,2877299314,599900102
590601,5906010201,2876202921,59060102
2083379802,5705240103,2877237633,570502401
1620431251,171001203,2877166907,1710012
2843786501,5403001101,2876185882,540300101
2083379802,5705240202,2877225554,570502402
520202,5202020101,2877182085,52020201
1473879152,125101202,2877193795,1251012
2083379802,5705240103,2877237648,570502401
520202,5202020202,2877246540,52020202
2083379802,5705240202,2877225582,570502402
59990010,59990010102,2877445861,599900101
510703,5107030103,2876210824,51070301
2843786501,5403001101,2876185876,540300101
591000101,5910001010101,2876184890,59100010101
1974833501,57050210201,2876209367,570502102
6020010,60200100201,2876232735,602001002
6020010,60200100201,2876232704,602001002
59990010,59990010202,2877453288,599900102
590603,5906030201,2876189744,59060302
59990010,59990010104,2877167326,599900101
510703,5107030103,2876211503,51070301
1473879156,125501101,2876197405,1255011
2083379802,5705240101,2876223943,570502401
59990010,59990010102,2877445863,599900101
1974833501,57050210101,2876204831,570502101
2703103901,134001101,2877285115,1340011
59990010,59990010205,2876207432,599900102
59990010,59990010201,2877300375,599900102
59990030,59990030102,2877191893,599900301
1473879152,125101102,2877193772,1251011
2551505854,140303202,2877201491,1403032
522102,5221020101,2877174693,52210201
520202,5202020103,2877213165,52020201
1473879151,125000201,2876200385,1250002
2004504755,57050401103,2877230627,570504011
2083379802,5705240104,2877178849,570502401
2083379802,5705240101,2876225288,570502401
2703103911,134500101,2877286097,1345001
1473879155,125300201,2876200843,1253002
2083379802,5705240204,2877186868,570502402
2703103903,134003101,2877285138,1340031
1620431265,152700201,2876199123,1527002
2551505856,140502201,2877279589,1405022
59990010,59990010105,2876199601,599900101
1980349056,137300102,2877344944,1373001
520202,5202020203,2877223109,52020202
2203541451,57060020116,2876189712,570600201
503101,5031010101,2876206238,50310101
520202,5202020203,2877223149,52020202
2203541451,57060020212,2877427422,570600202
510703,5107030102,2877234202,51070301
510703,5107030201,2877180544,51070302
10020012,10020012111,2876191437,100200121
2203541451,57060020115,2877165465,570600201
1974833501,57050210103,2877232070,570502101
10020011,10020011111,2876197972,100200111
1620431257,152000203,2877168936,1520002
59990010,59990010105,2876199623,599900101
1620431258,152100102,2877194835,1521001
2203541451,57060020112,2877412720,570600201
503101,5031010201,2876206624,50310102
2203541451,57060020114,2877507518,570600201
510703,5107030201,2877182052,51070302
2865013651,19190010102,2877191879,191900101
510703,5107030102,2877234201,51070301
2203541451,57060020215,2877170070,570600202
2203541451,57060020116,2876188395,570600201
510703,5107030102,2877233744,51070301
59990040,59990040101,2876192279,599900401
1980349051,137000205,2877170084,1370002
1620431263,152601203,2877168944,1526012
2083379803,57050219101,2877183881,570502191
521302,5213020103,2877171748,52130201
59990010,59990010202,2877453285,599900102
59990010,59990010105,2876199606,599900101
2100452958,148502101,2876197439,1485021
2083379802,5705240101,2876222276,570502401
59990010,59990010205,2876207444,599900102
9259281,92592810201,2876211544,9259281002
2203541451,57060020213,2877194843,570600202
2083379802,5705240204,2877186870,570502402
2083379801,5705230204,2877183893,570502302
5101010,51010100202,2877177837,510101002
10020011,10020011211,2876200841,100200112
2083379801,5705230202,2877221251,570502302
520202,5202020101,2877182096,52020201
5025530,5025530201,2876194837,50255302
59990030,59990030103,2877163397,599900301
501201,5012010201,2876202918,50120102
590600200,5906002000101,2876187560,59060020001
2083379802,5705240103,2877237634,570502401
10020012,10020012211,2876193471,100200122
1473879152,125101204,2877163351,1251012
5025530,5025530104,2877162191,50255301
510703,5107030103,2876210828,51070301
1620431253,171500101,2876196114,1715001
1620431251,171001103,2877165498,1710011
520202,5202020201,2877189999,52020202
10020012,10020012213,2877164207,100200122
1473879155,125300102,2877199816,1253001
2083379801,5705230102,2877207625,570502301
520202,5202020204,2876227935,52020202
59990010,59990010101,2877291155,599900101
2083379801,5705230103,2877235914,570502301
2083379802,5705240201,2876245208,570502402
1974833501,57050210103,2877232076,570502101
2083379802,5705240101,2876226861,570502401
59990010,59990010102,2877445862,599900101
521302,5213020103,2877171745,52130201
520202,5202020102,2877240205,52020201
591000302,5910003020202,2877183858,59100030202
59990010,59990010203,2877203017,599900102
2203541451,57060020211,2877281459,570600202
1473879155,125300104,2877169355,1253001
6020010,60200100101,2876220751,602001001
1473879156,125501101,2876197404,1255011
2864046102,19180021201,2876190764,191800212
5025530,5025530204,2877164237,50255302
2843786501,5403001203,2877214221,540300102
1620431251,171001203,2877166905,1710012
2083379801,5705230201,2876237468,570502302
1473879158,125800201,2877288596,1258002
520202,5202020102,2877238893,52020201
2203541451,57060020112,2877412721,570600201
2703103911,134500101,2877286096,1345001
1473879156,125501204,2877167311,1255012
59990010,59990010204,2877173836,599900102
2203541451,57060020214,2877514207,570600202
510703,5107030102,2877233750,51070301
510703,5107030201,2877180548,51070302
520202,5202020104,2876214210,52020201
520202,5202020204,2876228955,52020202
591000400,5910004000101,2876186669,59100040001
520202,5202020103,2877214203,52020201
5101010,51010100203,2877160067,510101002
2042522751,141001201,2876201616,1410012
2203541451,57060020112,2877412736,570600201
10020012,10020012213,2877164204,100200122
520202,5202020204,2876226898,52020202
2203541451,57060020114,2877507520,570600201
510761,5107610101,2876201611,51076101
2083379802,5705240201,2876243983,570502402
59990010,59990010101,2877291172,599900101
59990010,59990010201,2877299343,599900102
2083379801,5705230202,2877220045,570502302
10020011,10020011213,2877171706,100200112
2083379802,5705240101,2876225262,570502401
2083379802,5705240101,2876223945,570502401
2203541451,57060020211,2877281466,570600202
2083379802,5705240103,2877237628,570502401
2083379801,5705230201,2876239113,570502302
1620431253,171500202,2877437550,1715002
59990010,59990010103,2877197236,599900101
2076567802,136002102,2877200697,1360021
2083379802,5705240101,2876225282,570502401
590511,5905110101,2876196135,59051101
59990010,59990010203,2877203008,599900102
1974833502,57050381202,2877299329,570503812
6020010,60200100201,2876232731,602001002
2203541451,57060020215,2877169386,570600202
59990030,59990030101,2876192829,599900301
1473879151,125000102,2877197971,1250001
2083379801,5705230204,2877183900,570502302
591000301,5910003010201,2876186662,59100030102
500301,5003010103,2877233702,50030101
10020012,10020012212,2877192692,100200122
1620431258,152100201,2876197434,1521002
2203541451,57060020115,2877164217,570600201
2083379802,5705240103,2877238869,570502401
2083379801,5705230101,2876222264,570502301
2083379802,5705240102,2877210404,570502401
2083379802,5705240101,2876222291,570502401
2083379802,5705240201,2876245214,570502402
2203541451,57060020114,2877507524,570600201
2100452952,148002102,2877199822,1480021
520202,5202020104,2876214229,52020201
520202,5202020104,2876213241,52020201
59990010,59990010201,2877299317,599900102
2083379802,5705240102,2877210424,570502401
1980349051,137000105,2877169384,1370001
1473879154,125200202,2877194801,1252002
6020010,60200100101,2876219579,602001001
2083379801,5705230102,2877207633,570502301
1473879152,125101102,2877193775,1251011
591000501,5910005010101,2876186673,59100050101
59990040,59990040101,2876192291,599900401
2083379801,5705230204,2877185053,570502302
1473879152,125101201,2876196610,1251012
1473879154,125200204,2877165491,1252002
2844734851,5227010201,2876189714,522700102
2083379802,5705240102,2877212002,570502401
520202,5202020104,2876213245,52020201
10020012,10020012213,2877164213,100200122
59990010,59990010102,2877444044,599900101
520202,5202020101,2877182916,52020201
59990010,59990010202,2877454106,599900102
2083379802,5705240203,2877248924,570502402
510703,5107030202,2877237614,51070302
2083379801,5705230101,2876218598,570502301
92591851,925918510201,2876211531,9259185102
59990030,59990030101,2876192828,599900301
5105140,51051400101,2876185852,510514001
2083379805,57050249105,2877174678,570502491
1473879155,125300204,2877169374,1253002
520202,5202020104,2876213244,52020201
520202,5202020201,2877189962,52020202
2083379802,5705240202,2877225567,570502402
520202,5202020203,2877224310,52020202
2083379802,5705240203,2877248929,570502402
59990010,59990010202,2877451650,599900102
2435797504,17030040101,2876190794,170300401
520202,5202020101,2877182077,52020201
2083379802,5705240202,2877225566,570502402
510703,5107030101,2877177807,51070301
520202,5202020203,2877224340,52020202
59990010,59990010202,2877453279,599900102
520211,5202110101,2876210804,52021101
2083379802,5705240201,2876243981,570502402
59990010,59990010205,2876207435,599900102
2843786501,5403001201,2876188362,540300102
520202,5202020202,2877247665,52020202
59990040,59990040101,2876192813,599900401
2203541451,57060020215,2877170076,570600202
59990010,59990010103,2877197233,599900101
2083379802,5705240201,2876245236,570502402
2203541451,57060020113,2877186884,570600201
520202,5202020103,2877214207,52020201
2083379801,5705230103,2877235931,570502301
2083379802,5705240104,2877180501,570502401
5025530,5025530203,2877227059,50255302
1980349051,137000203,2877200677,1370002
59990030,59990030102,2877192658,599900301
1974833501,57050210201,2876208391,570502102
2083379801,5705230201,2876236149,570502302
2435797501,17030010201,2876190782,170300102
1980349051,137000105,2877169385,1370001
2703103901,134001201,2877286095,1340012
1473879151,125000202,2877199583,1250002
59990010,59990010101,2877291179,599900101
2004504751,57050300202,2877200693,570503002
510703,5107030202,2877237625,51070302
5105140,51051400101,2876184899,510514001
59990010,59990010204,2877173817,599900102
521302,5213020101,2876202941,52130201
1473879156,125501101,2876196644,1255011
500301,5003010101,2876208383,50030101
2843786501,5403001202,2877182931,540300102
2083379801,5705230101,2876218584,570502301
10020011,10020011212,2877199843,100200112
59990010,59990010102,2877444909,599900101
520202,5202020101,2877182093,52020201
2083379801,5705230102,2877209216,570502301
2435797501,17030010101,2876187579,170300101
1620431261,152501103,2877168078,1525011
2083379801,5705230102,2877207648,570502301
2203541451,57060020111,2877271443,570600201
59990010,59990010102,2877445876,599900101
2083379805,57050249104,2877524788,570502491
1620431252,171002103,2877164215,1710021
10020011,10020011112,2877198703,100200111
2295784351,136101201,2877288559,1361012
510703,5107030203,2876212283,51070302
59990010,59990010101,2877290496,599900101
59990010,59990010101,2877290484,599900101
2076567807,136501201,2877301202,1365012
2865013651,19190010201,2876192843,191900102
1473879155,125300203,2877230607,1253002
2083379801,5705230101,2876222267,570502301
5025530,5025530102,2877191877,50255301
1620431257,152000103,2877167304,1520001
2083379802,5705240203,2877248920,570502402
2111014953,142200101,2877353232,1422001
2083379801,5705230201,2876239116,570502302
59990010,59990010205,2876207449,599900102
501101,5011010102,2877201478,50110101
1473879155,125300102,2877199820,1253001
2076567802,136002203,2877230635,1360022
2083379802,5705240101,2876223934,570502401
2083379802,5705240202,2877225557,570502402
2203541451,57060020113,2877188597,570600201
1620431254,171600201,2876201623,1716002
1974833501,57050210103,2877232073,570502101
1473879153,125102101,2876194830,1251021
1473879151,125000104,2877166933,1250001
59990010,59990010105,2876200372,599900101
1473879157,125502103,2877228239,1255021
1473879154,125200203,2877228234,1252002
520202,5202020201,2877191061,52020202
2703103902,134002202,2877192700,1340022
510703,5107030103,2876210829,51070301
1620431258,152100103,2877166912,1521001
1620431257,152000101,2876197421,1520001
510708,5107080202,2877205367,
2083379802,5705240102,2877210402,570502401
510713,5107130101,2875795346,51071301
59990010,59990010203,2877204303,599900102
2083379802,5705240204,2877188555,570502402
59990010,59990010104,2877167338,599900101
2083379802,5705240101,2876223908,570502401
1620431253,171500103,2877194804,1715001
2042522751,141001101,2876200814,1410011
2083379802,5705240202,2877225580,570502402
59990030,59990030101,2876192284,599900301
2096816351,141602101,2877197995,1416021
1473879155,125300102,2877199814,1253001
59990010,59990010205,2876208360,599900102
2203541451,57060020112,2877412731,570600201
1974833501,57050210201,2876209363,570502102
2004504755,57050401203,2877230646,570504012
1473879155,125300202,2877200688,1253002
520202,5202020101,2877182095,52020201
10020011,10020011111,2876197966,100200111
2083379801,5705230204,2877185058,570502302
2203541451,57060020216,2876193493,570600202
2083379801,5705230103,2877235909,570502301
2435797501,17030010203,2877218402,170300102
5025530,5025530203,2877227052,50255302
2083379802,5705240204,2877188565,570502402
1473879156,125501203,2877229442,1255012
1473879156,125501201,2876198570,1255012
59990030,59990030101,2876192818,599900301
59990010,59990010205,2876207445,599900102
2083379801,5705230104,2877178841,570502301
520202,5202020104,2876214216,52020201
2083379801,5705230101,2876216967,570502301
1473879158,125800201,2877288598,1258002
59990010,59990010101,2877291187,599900101
2083379802,5705240201,2876246710,570502402
510752,5107520201,2876199110,51075202
10020012,10020012211,2876193468,100200122
2083379801,5705230201,2876239120,570502302
2083379801,5705230201,2876237470,570502302
1473879155,125300202,2877200687,1253002
2083379802,5705240202,2877224335,570502402
520202,5202020103,2877213157,52020201
2083379802,5705240202,2877223116,570502402
59990030,59990030102,2877192659,599900301
2083379801,5705230101,2876222259,570502301
2004504755,57050401202,2877201454,570504012
5105140,51051400201,2876186659,510514002
2843786501,5403001201,2876188352,540300102
1473879154,125200102,2877193783,1252001
2083379801,5705230101,2876220791,570502301
510703,5107030101,2877176396,51070301
503101,5031010101,2876206242,50310101
2843786501,5403001103,2877209229,540300101
59990030,59990030101,2876192832,599900301
1473879153,125102101,2876194828,1251021
59990010,59990010101,2877291152,599900101
2083379802,5705240102,2877210419,570502401
520202,5202020103,2877214202,52020201
2083379801,5705230101,2876216981,570502301
2083379802,5705240103,2877238863,570502401
501102,5011020203,2877201460,50110202
59990010,59990010102,2877445882,599900101
520211,5202110102,2877205383,52021101
520202,5202020102,2877240218,52020201
59990010,59990010204,2877174653,599900102
510703,5107030103,2876210825,51070301
501201,5012010201,2876202919,50120102
59990030,59990030101,2876192297,599900301
59990010,59990010202,2877453295,599900102
2203541451,57060020212,2877426089,570600202
2083379802,5705240104,2877177839,570502401
521302,5213020102,2877201487,52130201
59990010,59990010104,2877168064,599900101
2083379804,57050239204,2877174686,570502392
2083379802,5705240102,2877212010,570502401
2083379802,5705240203,2877247700,570502402
59990010,59990010202,2877451642,599900102
2083379802,5705240102,2877212020,570502401
2551505857,140600101,2876190757,1406001
6020010,60200100201,2876232750,602001002
2703103910,134400201,2876193458,1344002
2083379802,5705240101,2876222277,570502401
2083379801,5705230201,2876237463,570502302
5105120,51051200201,2876186690,510512002
520202,5202020204,2876228951,52020202
2083379802,5705240103,2877237636,570502401
2203541451,57060020215,2877170079,570600202
2083379802,5705240201,2876246735,570502402
59990030,59990030101,2876192803,599900301
1473879154,125200101,2876196120,1252001
10020011,10020011211,2876200850,100200112
520202,5202020203,2877224323,52020202
2843786501,5403001201,2876188358,540300102
59990010,59990010102,2877444910,599900101
2083379802,5705240104,2877180512,570502401
510703,5107030103,2876210848,51070301
5105031,51050310201,2876184870,510503102
2843786501,5403001203,2877214227,540300102
6020010,60200100201,2876232737,602001002
2865013652,19190020101,2876191422,191900201
2083379801,5705230203,2877244626,570502302
1974833501,57050210202,2877206403,570502102
1473879151,125000202,2877199585,1250002
1473879153,125102104,2877163392,1251021
1974833501,57050210104,2877172486,570502101
1473879155,125300202,2877200683,1253002
2551505855,140501103,2877183875,1405011
2083379801,5705230201,2876237464,570502302
2843786501,5403001101,2876185889,540300101
2083379802,5705240204,2877188593,570502402
2863103351,1713001101,2876186697,171300101
10020012,10020012213,2877164211,100200122
520202,5202020203,2877224332,52020202
1620431258,152100203,2877166926,1521002
2083379801,5705230101,2876219575,570502301
2435797501,17030010101,2876187581,170300101
510715,5107150101,2876209376,51071501
2203541451,57060020213,2877195604,570600202
2083379801,5705230203,2877244644,570502302
2203541451,57060020116,2876189705,570600201
6020010,60200100201,2876232734,602001002
2083379802,5705240202,2877225574,570502402
5101010,51010100101,2876184853,510101001
10020011,10020011111,2876197970,100200111
2111014952,142003101,2876206225,1420031
2843786501,5403001203,2877214226,540300102
5105120,51051200201,2876186686,510512002
5025510,5025510202,2877177834,50255102
5025530,5025530101,2876191448,50255301
1620431254,171600104,2877169377,1716001
2551505857,140600201,2876190762,1406002
59990010,59990010205,2876207430,599900102
1473879156,125501104,2877166917,1255011
1473879151,125000102,2877197981,1250001
501101,5011010102,2877201481,50110101
10020011,10020011213,2877170094,100200112
59990010,59990010101,2877291195,599900101
1620431258,152100102,2877194838,1521001
2042522754,141501201,2876203518,1415012
2083379801,5705230101,2876219583,570502301
2203541451,57060020111,2877269730,570600201
2083379801,5705230101,2876220786,570502301
520202,5202020204,2876227919,52020202
2083379801,5705230201,2876237452,570502302
2863103351,1713001101,2876186698,171300101
59990010,59990010101,2877291189,599900101
591000301,5910003010201,2876186661,59100030102
520202,5202020202,2877247655,52020202
2843786501,5403001102,2877182066,540300101
510703,5107030202,2877237612,51070302
2083379801,5705230101,2876218577,570502301
1473879152,125101201,2876196611,1251012
6020010,60200100201,2876232726,602001002
2083379802,5705240204,2877189987,570502402
59990010,59990010202,2877453292,599900102
59990030,59990030102,2877192656,599900301
2083379802,5705240202,2877224301,570502402
5025530,5025530204,2877164246,50255302
1473879158,125800101,2877287842,1258001
59990010,59990010101,2877291173,599900101
2083379802,5705240102,2877210431,570502401
59990010,59990010104,2877168053,599900101
2076567805,136300101,2876201641,1363001
10020011,10020011213,2877171705,100200112
520202,5202020204,2876227950,52020202
2083379801,5705230201,2876240853,570502302
2083379802,5705240101,2876226860,570502401
520202,5202020103,2877213194,52020201
59990010,59990010201,2877298392,599900102
59990010,59990010204,2877174655,599900102
591000302,5910003020102,2877182946,59100030201
520211,5202110201,2876210818,52021102
2865013651,19190010101,2876191416,191900101
2703103902,134002103,2877225599,1340021
59990010,59990010101,2877291906,599900101
59990010,59990010103,2877197207,599900101
1980349051,137000101,2877293550,1370001
2004504757,57050410101,2876200381,570504101
2083379802,5705240101,2876223914,570502401
2004504753,57050360101,2876203503,570503601
6020010,60200100101,2876219582,602001001
59990010,59990010201,2877299323,599900102
1473879156,125501101,2876197401,1255011
59990010,59990010204,2877173846,599900102
10020011,10020011212,2877199833,100200112
2111075851,142500101,2876206223,1425001
1473879151,125000201,2876200805,1250002
521302,5213020103,2877171734,52130201
2203541451,57060020113,2877185098,570600201
2203541451,57060020111,2877269727,570600201
59990010,59990010105,2876200368,599900101
2083379801,5705230101,2876216988,570502301
520202,5202020202,2877247670,52020202
500301,5003010101,2876208379,50030101
520202,5202020204,2876227931,52020202
503101,5031010201,2876206626,50310102
1473879156,125501203,2877229447,1255012
2111014955,148200201,2876206250,1482002
1974833501,57050210104,2877172472,570502101
1473879153,125102201,2876196113,1251022
1473879155,125300204,2877169376,1253002
5025510,5025510102,2877177829,50255101
2042522751,141001206,2877169380,1410012
2083379801,5705230203,2877244649,570502302
520202,5202020204,2876227941,52020202
510703,5107030201,2877182059,51070302
10020011,10020011213,2877170100,100200112
2083379801,5705230203,2877244617,570502302
1620431253,171500102,2877436008,1715001
510703,5107030202,2877237620,51070302
2435797501,17030010203,2877218408,170300102
510201,5102010101,2876204839,51020101
2083379805,57050249105,2877174682,570502491
2435797501,17030010203,2877217497,170300102
6020010,60200100101,2876219577,602001001
2843786501,5403001103,2877209240,540300101
59990030,59990030102,2877192655,599900301
521302,5213020203,2877172459,52130202
2435797501,17030010101,2876187580,170300101
1974833501,57050210102,2877203041,570502101
2203541451,57060020211,2877280283,570600202
2083379802,5705240101,2876222271,570502401
2203541451,57060020212,2877427407,570600202
1473879155,125300204,2877169371,1253002
59990030,59990030101,2876192836,599900301
2004504753,57050360201,2876203536,570503602
5025530,5025530203,2877227056,50255302
1620431265,152700101,2876199112,1527001
2083379802,5705240101,2876225260,570502401
2865013652,19190020201,2876192254,191900202
59990010,59990010205,2876206645,599900102
1620431251,171001102,2877194815,1710011
510715,5107150201,2876209377,51071502
2083379801,5705230201,2876237496,570502302
1473879151,125000102,2877197976,1250001
59990010,59990010101,2877290483,599900101
2203541451,57060020112,2877412729,570600201
520202,5202020103,2877213189,52020201
2146245651,142001203,2877173849,1420012
2083379801,5705230101,2876219597,570502301
59990040,59990040101,2876192814,599900401
2083379802,5705240101,2876222295,570502401
520211,5202110202,2877206411,52021102
520202,5202020104,2876213234,52020201
1473879151,125000201,2876200803,1250002
2083379801,5705230101,2876216990,570502301
590600200,5906002000201,2876189725,59060020002
2083379801,5705230202,2877220010,570502302
520202,5202020104,2876213238,52020201
2083379802,5705240201,2876245229,570502402
2083379801,5705230202,2877218433,570502302
2042522752,141002201,2876202322,1410022
1620431257,152000103,2877166950,1520001
1473879158,125800101,2877288551,1258001
2843786501,5403001103,2877209236,540300101
6020010,60200100101,2876220755,602001001
2843786501,5403001201,2876188355,540300102
1620431266,152800201,2876199147,1528001
59990010,59990010202,2877453281,599900102
10020011,10020011211,2876200825,100200112
2083379801,5705230103,2877235927,570502301
1620431258,152100101,2876196635,1521001
2083379801,5705230203,2877244622,570502302
520252,5202520101,2876211517,52025201
1974833501,57050210103,2877232091,570502101
2076567807,136501101,2877300377,1365011
59990010,59990010204,2877173815,599900102
2203541451,57060020114,2877507544,570600201
2203541451,57060020214,2877514219,570600202
500301,5003010101,2876208390,50030101
2111014955,148200201,2876206602,1482002
59990030,59990030103,2877163399,599900301
2083379801,5705230104,2877180535,570502301
521302,5213020201,2876204804,52130202
2703103904,134004201,2877285145,1340042
2203541451,57060020214,2877512891,570600202
2100452952,148002203,2877169369,1480022
10020012,10020012111,2876191431,100200121
2083379801,5705230202,2877218428,570502302
2083379802,5705240203,2877248918,570502402
2083379802,5705240203,2877248919,570502402
510707,5107070201,2876208376,51070702
2203541451,57060020114,2877507539,570600201
10020011,10020011112,2877197991,100200111
59990010,59990010105,2876199618,599900101
510799,5107990101,2876189735,51079901
59990010,59990010201,2877300369,599900102
520211,5202110101,2876210806,52021101
520211,5202110101,2876210805,52021101
520211,5202110203,2877176382,52021102
521302,5213020101,2876202938,52130201
2703103903,134003101,2877285139,1340031
1620431254,171600202,2877200655,1716002
2203541451,57060020215,2877170075,570600202
2203541451,57060020116,2876188382,570600201
6020010,60200100201,2876232711,602001002
1974833501,57050210104,2877172489,570502101
1974833501,57050210101,2876204833,570502101
1473879156,125501202,2877197962,1255012
59990010,59990010203,2877203007,599900102
2083379804,57050239202,2877204321,570502392
1620431258,152100202,2877195644,1521002
1620431259,152201202,2877198726,1522012
2083379802,5705240203,2877248910,570502402
2203541451,57060020111,2877269713,570600201
2083379802,5705240101,2876225300,570502401
2083379801,5705230102,2877207643,570502301
1473879157,125502103,2877228240,1255021
591000200,5910002000202,2877182945,59100020002
2435797504,17030040201,2876191403,170300402
520202,5202020203,2877224346,52020202
522101,5221010105,2876206618,52210101
520202,5202020203,2877223110,52020202
1980349051,137000203,2877200675,1370002
521302,5213020202,2877202104,52130202
2076567801,136001201,2877295078,1360012
2435797501,17030010101,2876187595,170300101
59990030,59990030103,2877163384,599900301
2100452960,148702101,2876202943,1487021
2042522751,141001101,2876200816,1410011
59990010,59990010201,2877298389,599900102
2083379801,5705230204,2877183887,570502302
2083379801,5705230201,2876239140,570502302
2203541451,57060020115,2877165459,570600201
10020011,10020011211,2876200826,100200112
59990010,59990010104,2877168057,599900101
2083379802,5705240101,2876222284,570502401
2004504755,57050401201,2876202331,570504012
5025530,5025530203,2877227054,50255302
59990030,59990030103,2877163382,599900301
2203541451,57060020213,2877195602,570600202
5105140,51051400201,2876186656,510514002
1620431257,152000103,2877166948,1520001
6020010,60200100201,2877198728,602001002
2203541451,57060020211,2877281452,570600202
1974833502,57050381202,2877300358,570503812
2844734851,5227010202,2877183871,522700102
2083379802,5705240201,2876245243,570502402
521302,5213020101,2876202942,52130201
2203541451,57060020113,2877188552,570600201
5101010,51010100203,2877160066,510101002
2076567802,136002204,2877171725,1360022
59990010,59990010104,2877167345,599900101
59990030,59990030101,2876192261,599900301
2865013652,19190020101,2876191425,191900201
500301,5003010201,2876209391,50030102
2100452951,148001201,2876196638,1480012
520202,5202020104,2876213236,52020201
2083379802,5705240102,2877210412,570502401
59990010,59990010104,2877168059,599900101
59990030,59990030103,2877163374,599900301
2203541451,57060020216,2876194803,570600202
10020012,10020012111,2876191430,100200121
2083379801,5705230101,2876220773,570502301
2004504757,57050410201,2876200817,570504102
6020010,60200100201,2876231893,602001002
2076567803,136003201,2877301225,1360032
10020012,10020012112,2877192674,100200121
2083379802,5705240102,2877210423,570502401
2083379802,5705240101,2876225298,570502401
1620431251,171001202,2877194820,1710012
520202,5202020103,2877213200,52020201
1620431256,171800101,2876199119,1718001
59990010,59990010202,2877451644,599900102
2865013651,19190010101,2876191420,191900101
591000200,5910002000101,2876184884,59100020001
59990010,59990010203,2877203019,599900102
2843786501,5403001203,2877214235,540300102
2083379802,5705240101,2876222272,570502401
5105120,51051200201,2876186685,510512002
1473879158,125800101,2877287848,1258001
2203541451,57060020211,2877280292,570600202
1974833501,57050210103,2877232089,570502101
1620431257,152000203,2877168934,1520002
2083379802,5705240202,2877225576,570502402
2070902402,142400202,2877230610,1424002
2203541451,57060020214,2877512878,570600202
2843786501,5403001203,2877214216,540300102
2203541451,57060020212,2877426092,570600202
1974833501,57050210104,2877172471,570502101
59990010,59990010104,2877167340,599900101
590600200,5906002000201,2876189732,59060020002
59990040,59990040101,2876192801,599900401
2203541451,57060020114,2877507548,570600201
510202,5102020101,2876204834,51020201
1620431259,152201201,2876198557,1522012
2083379805,57050249101,2877456666,570502491
2435797501,17030010101,2876187587,170300101
501201,5012010101,2876202341,50120101
2203541451,57060020112,2877411948,570600201
501101,5011010202,2877201498,50110102
2203541451,57060020215,2877170061,570600202
2083379802,5705240203,2877248928,570502402
59990040,59990040101,2876192293,599900401
59990010,59990010103,2877197239,599900101
59990010,59990010101,2877291185,599900101
2843786501,5403001201,2876188363,540300102
59990010,59990010103,2877197208,599900101
2203541451,57060020211,2877280272,570600202
1620431257,152000101,2876197413,1520001
1473879156,125501104,2877166924,1255011
1974833502,57050381202,2877299322,570503812
2083379801,5705230103,2877235943,570502301
590513,5905130201,2876196141,59051302
2004504753,57050360101,2876203506,570503601
59990010,59990010104,2877167323,599900101
510713,5107130201,2875795350,51071302
6020010,60200100201,2876232709,602001002
2083379801,5705230202,2877221261,570502302
2076567810,136504102,2877201494,1365041
2203541451,57060020212,2877427406,570600202
5025530,5025530204,2877165454,50255302
1473879151,125000201,2876200383,1250002
59990040,59990040101,2876192268,599900401
2843786501,5403001203,2877214218,540300102
2083379802,5705240204,2877186857,570502402
59990010,59990010102,2877444931,599900101
2203541451,57060020211,2877280280,570600202
2083379801,5705230201,2876239138,570502302
5025530,5025530204,2877165453,50255302
2083379802,5705240104,2877178848,570502401
2100452956,148300101,2876199136,1483001
1620431257,152000103,2877167302,1520001
521301,5213010101,2876202339,52130101
10020011,10020011211,2876201602,100200112
520202,5202020202,2877246530,52020202
2203541451,57060020213,2877195611,570600202
59990010,59990010105,2876200364,599900101
520202,5202020102,2877240211,52020201
1473879155,125300201,2876200848,1253002
59990010,59990010204,2877173842,599900102
1473879156,125501101,2876197403,1255011
2083379802,5705240201,2876246746,570502402
2703103902,134002202,2877192693,1340022
2545581504,140106203,2877172498,1401062
9259280,92592800101,2876211534,9259280001
2865013652,19190020201,2876192253,191900202
1620431259,152201202,2877198725,1522012
2203541451,57060020215,2877170068,570600202
1620431257,152000103,2877166944,1520001
59990010,59990010202,2877453254,599900102
2203541451,57060020215,2877170058,570600202
2083379802,5705240102,2877210433,570502401
520202,5202020101,2877182100,52020201
59990010,59990010102,2877444939,599900101
1473879157,125502204,2877166904,1255022
2435797501,17030010201,2876190788,170300102
590504,5905040201,2876204847,59050402
6020010,60200100201,2876232717,602001002
10020011,10020011211,2876200824,100200112
2083379802,5705240204,2877188576,570502402
510703,5107030203,2876212258,51070302
10020012,10020012113,2877162174,100200121
1473879151,125000202,2877199576,1250002
2203541451,57060020213,2877195606,570600202
59990010,59990010203,2877203046,599900102
2435797501,17030010201,2876190786,170300102
2083379802,5705240103,2877237642,570502401
2203541451,57060020216,2876193490,570600202
2703103901,134001201,2877286091,1340012
9259281,92592810101,2876211540,9259281001
59990010,59990010101,2877291167,599900101
520202,5202020203,2877224313,52020202
1620431260,152202101,2876198554,1522021
510708,5107080201,2876209385,
590600200,5906002000101,2876187561,59060020001
2865013651,19190010202,2877192678,191900102
59990010,59990010201,2877300366,599900102
1974833501,57050210202,2877206404,570502102
2203541451,57060020111,2877271407,570600201
501102,5011020203,2877201461,50110202
591000101,5910001010201,2876185872,59100010102
2083379802,5705240201,2876246704,570502402
2203541451,57060020213,2877195616,570600202
1473879151,125000203,2877230275,1250002
2203541451,57060020216,2876194809,570600202
510201,5102010203,2877172455,51020102
2203541451,57060020212,2877427401,570600202
2083379805,57050249105,2877174679,570502491
59990010,59990010101,2877291159,599900101
2083379802,5705240101,2876225296,570502401
59990010,59990010101,2877291175,599900101
1620431261,152501202,2877199556,1525012
1473879156,125501102,2877194828,1255011
2083379801,5705230202,2877218435,570502302
59990010,59990010104,2877167337,599900101
2083379801,5705230103,2877235932,570502301
2083379801,5705230103,2877235903,570502301
2083379801,5705230101,2876216989,570502301
520202,5202020204,2876227914,52020202
59990040,59990040101,2876192274,599900401
59990010,59990010105,2876199609,599900101
59990040,59990040101,2876192294,599900401
5025530,5025530201,2876194841,50255302
1980349054,137201202,2877346398,1372012
2076567802,136002202,2877201466,1360022
1473879151,125000203,2877230278,1250002
2203541451,57060020113,2877185064,570600201
520202,5202020102,2877240202,52020201
2083379801,5705230202,2877221271,570502302
10020012,10020012111,2876191427,100200121
2203541451,57060020216,2876193491,570600202
1473879155,125300203,2877230605,1253002
5025530,5025530103,2877224321,50255301
6020010,60200100101,2876218600,602001001
2203541451,57060020112,2877412701,570600201
2083379802,5705240103,2877238852,570502401
2083379802,5705240101,2876223921,570502401
6020010,60200100101,2876219574,602001001
59990010,59990010102,2877444038,599900101
2083379801,5705230104,2877178834,570502301
10020012,10020012213,2877164203,100200122
59990010,59990010204,2877173818,599900102
2083379802,5705240103,2877237629,570502401
1473879154,125200201,2876196150,1252002
510703,5107030103,2876210842,51070301
1473879157,125502201,2876196623,1255022
59990010,59990010102,2877444040,599900101
2083379802,5705240201,2876245241,570502402
2083379802,5705240201,2876245230,570502402
1473879151,125000103,2877228984,1250001
59990010,59990010201,2877300353,599900102
510707,5107070102,2877204346,51070701
1473879154,125200101,2876196118,1252001
2083379801,5705230102,2877207623,570502301
2203541451,57060020215,2877170057,570600202
10020011,10020011212,2877199840,100200112
2083379801,5705230202,2877218434,570502302
1473879151,125000201,2876200388,1250002
2203541451,57060020113,2877185089,570600201
2435797501,17030010101,2876187585,170300101
510703,5107030202,2877237623,51070302
2083379802,5705240103,2877237637,570502401
5105140,51051400101,2876184896,510514001
2083379802,5705240103,2877237639,570502401
6020010,60200100201,2876233104,602001002
1473879156,125501103,2877228957,1255011
1473879156,125501202,2877197964,1255012
2083379801,5705230201,2876237482,570502302
1620431266,152800103,2877169359,1528001
6020010,60200100101,2876218574,602001001
2703103902,134002203,2877227070,1340022
2203541451,57060020116,2876188398,570600201
2203541451,57060020215,2877170081,570600202
2203541451,57060020116,2876189706,570600201
1620431260,152202103,2877168081,1522021
2004504755,57050401101,2876202308,570504011
1974833502,57050381102,2877296989,570503811
520202,5202020101,2877182082,52020201
1473879151,125000101,2876197995,1250001
2083379802,5705240204,2877186887,570502402
2703103908,134301102,2876193453,1343011
2083379801,5705230201,2876237495,570502302
2111075851,142500201,2876206227,1425002
2865013651,19190010102,2877191884,191900101
2865013651,19190010201,2876192849,191900102
1620431252,171002201,2876196126,1710022
2863103351,1713001201,2876187564,171300102
591000200,5910002000101,2876184886,59100020001
2551505854,140303103,2877230650,1403031
2843786501,5403001201,2876188351,540300102
2203541451,57060020116,2876189702,570600201
1473879152,125101104,2877162196,1251011
1473879156,125501201,2876198559,1255012
59990010,59990010202,2877453256,599900102
500301,5003010202,2877205375,50030102
59990010,59990010203,2877202134,599900102
1974833501,57050210201,2876209361,570502102
1620431257,152000201,2876198577,1520002
59990030,59990030103,2877163398,599900301
5025530,5025530103,2877224305,50255301
1620431260,152202103,2877168083,1522021
2203541451,57060020112,2877412749,570600201
59990030,59990030101,2876192264,599900301
2083379802,5705240101,2876226851,570502401
2083379801,5705230102,2877207644,570502301
2083379801,5705230103,2877235944,570502301
59990010,59990010102,2877444042,599900101
2203541451,57060020114,2877507513,570600201
2083379802,5705240102,2877212003,570502401
2076567801,136001201,2877295069,1360012
59990010,59990010102,2877444935,599900101
5025530,5025530202,2877193759,50255302
1974833501,57050210102,2877202127,570502101
59990010,59990010203,2877204304,599900102
521302,5213020202,2877202110,52130202
2843786501,5403001201,2876188369,540300102
580105,5801050101,2876206642,58010501
1473879151,125000101,2876197987,1250001
2083379802,5705240101,2876223930,570502401
2083379801,5705230101,2876216968,570502301
2203541451,57060020213,2877195627,570600202
2203541451,57060020212,2877426097,570600202
5105120,51051200101,2876185866,510512001
2439533001,17030070201,2876188376,170300702
590503,5905030101,2876206205,59050301
5105040,51050400201,2877160054,510504002
1473879156,125501204,2877167325,1255012
2083379805,57050249205,2877174700,570502492
1620431252,171002101,2876196107,1710021
1620431257,152000103,2877167306,1520001
2146245651,142001202,2877231234,1420012
59990030,59990030101,2876192260,599900301
10020012,10020012211,2876193469,100200122
1473879155,125300203,2877230608,1253002
2203541451,57060020115,2877164223,570600201
2083379801,5705230104,2877180511,570502301
2703103904,134004101,2877285132,1340041
2100452957,148501201,2876197962,1485012
520202,5202020102,2877238882,52020201
5105070,51050700101,2877269175,510507001
2083379802,5705240104,2877180510,570502401
2438296403,17030062101,2876187576,170300621
59990010,59990010204,2877173837,599900102
2004504755,57050401201,2876202329,570504012
2083379801,5705230204,2877186860,570502302
2864046103,19180022101,2876190768,191800221
503101,5031010101,2876206239,50310101
1473879156,125501101,2876196650,1255011
2083379802,5705240203,2877248926,570502402
2843786501,5403001201,2876188368,540300102
2083379805,57050249105,2877174683,570502491
2083379801,5705230204,2877185097,570502302
59990010,59990010105,2876199613,599900101
10020011,10020011212,2877199825,100200112
59990030,59990030101,2876192824,599900301
1473879158,125800101,2877287849,1258001
510703,5107030103,2876210844,51070301
1974833501,57050210202,2877205386,570502102
1473879151,125000103,2877228990,1250001
10020012,10020012213,2877164210,100200122
1473879158,125800201,2877288592,1258002
6020010,60200100201,2876233109,602001002
2042522752,141002102,2877200695,1410021
59990010,59990010203,2877203050,599900102
510703,5107030201,2877180540,51070302
2083379801,5705230104,2877178824,570502301
1473879156,125501201,2876198569,1255012
2864046103,19180022201,2876191401,191800222
1980349053,137102101,2877295083,1371021
5025510,5025510202,2877177833,50255102
1620431261,152501203,2877168909,1525012
6020010,60200100201,2876232725,602001002
2203541451,57060020215,2877170059,570600202
2203541451,57060020115,2877165476,570600201
520202,5202020101,2877182087,52020201
2843786501,5403001203,2877214231,540300102
2083379805,57050249202,2877204323,570502492
59990030,59990030103,2877163385,599900301
59990010,59990010103,2877197203,599900101
59990010,59990010203,2877202145,599900102
2111014955,148200101,2876206230,1482001
2083379801,5705230203,2877244628,570502302
59990010,59990010201,2877300372,599900102
590600200,5906002000101,2876187558,59060020001
6020010,60200100201,2876232738,602001002
2843786501,5403001101,2876185885,540300101
510701,5107010201,2876207440,51070102
2076567803,136003101,2877300386,1360031
2083379802,5705240203,2877247687,570502402
1620431253,171500201,2876196132,1715002
2295784351,136101201,2877288557,1361012
2083379802,5705240204,2877188586,570502402
2203541451,57060020214,2877512879,570600202
520212,5202120201,2876210837,52021202
2083379801,5705230102,2877209210,570502301
2083379804,57050239103,2877231248,570502391
1473879154,125200102,2877193785,1252001
510703,5107030101,2877177801,51070301
1620431251,171001201,2876196620,1710012
2203541451,57060020114,2877507507,570600201
2083379801,5705230102,2877209218,570502301
2083379802,5705240202,2877225556,570502402
2083379801,5705230203,2877244609,570502302
2203541451,57060020114,2877507537,570600201
10020011,10020011211,2876200839,100200112
59990010,59990010101,2877290493,599900101
501101,5011010101,2876202923,50110101
591000501,5910005010203,2877161069,59100050102
2083379801,5705230203,2877244646,570502302
1974833501,57050210202,2877205392,570502102
510708,5107080101,2876209383,
2703103904,134004101,2877285131,1340041
5025530,5025530204,2877164244,50255302
2083379801,5705230201,2876237491,570502302
2703103908,134301102,2876193454,1343011
2703103902,134002104,2877162162,1340021
1620431257,152000102,2877198719,1520001
2083379801,5705230104,2877180533,570502301
520202,5202020104,2876213223,52020201
510703,5107030103,2876211505,51070301
2111014955,148200103,2877173801,1482001
2083379801,5705230104,2877178836,570502301
1974833501,57050210102,2877204316,570502101
92591851,925918510203,2877177823,9259185102
1974833501,57050210101,2876204824,570502101
1473879157,125502104,2877165495,1255021
2439533003,17030090201,2876190752,170300902
2004504753,57050360201,2876203532,570503602
510708,5107080202,2877205366,
2843786501,5403001201,2876188359,540300102
1473879159,125900201,2877293514,1259002
59990010,59990010205,2876208352,599900102
1980349052,137101201,2876201635,1371012
59990010,59990010105,2876199646,599900101
520202,5202020103,2877213156,52020201
2203541451,57060020116,2876188381,570600201
10020012,10020012211,2876193463,100200122
2083379805,57050249204,2877525883,570502492
59990010,59990010103,2877197953,599900101
1974833501,57050210104,2877172493,570502101
2083379802,5705240102,2877210450,570502401
5025530,5025530201,2876194833,50255302
59990040,59990040101,2876192810,599900401
2083379801,5705230201,2876237484,570502302
59990040,59990040101,2876192805,599900401
59990010,59990010102,2877444915,599900101
1620431257,152000203,2877168928,1520002
1473879151,125000201,2876200399,1250002
1620431253,171500103,2877194805,1715001
2203541451,57060020116,2876188372,570600201
1620431263,152601103,2877168941,1526011
1473879151,125000104,2877166937,1250001
1620431257,152000202,2877199589,1520002
1980349051,137000101,2877293544,1370001
1980349051,137000203,2877200676,1370002
2843786501,5403001201,2876188356,540300102
520202,5202020203,2877223104,52020202
59990010,59990010105,2876199604,599900101
5025530,5025530104,2877162185,50255301
2083379801,5705230202,2877220026,570502302
2083379801,5705230203,2877246504,570502302
5101010,51010100101,2876184857,510101001
2042522754,141501101,2876203509,1415011
59990010,59990010105,2876199622,599900101
59990010,59990010205,2876207417,599900102
520202,5202020104,2876213217,52020201
1980349052,137101205,2877170089,1371012
59990010,59990010204,2877173834,599900102
2083379801,5705230203,2877246510,570502302
2203541451,57060020112,2877412719,570600201
520202,5202020102,2877238899,52020201
10020012,10020012112,2877192665,100200121
10020011,10020011211,2876200832,100200112
59990010,59990010102,2877445887,599900101
520202,5202020101,2877182904,52020201
2083379801,5705230102,2877207640,570502301
2203541451,57060020216,2876193498,570600202
520202,5202020204,2876227925,52020202
591000302,5910003020202,2877183859,59100030202
2435797501,17030010203,2877217500,170300102
1620431260,152202201,2876198599,1522022
59990030,59990030103,2877163395,599900301
2203541451,57060020116,2876188371,570600201
1974833501,57050210203,2877234236,570502102
2083379802,5705240204,2877186885,570502402
510703,5107030203,2876212281,51070302
510703,5107030101,2877177803,51070301
1473879156,125501104,2877166915,1255011
5105120,51051200101,2876185859,510512001
2083379802,5705240103,2877237646,570502401
59990010,59990010104,2877167348,599900101
2083379802,5705240204,2877189967,570502402
2203541451,57060020112,2877412715,570600201
2083379801,5705230202,2877221269,570502302
2203541451,57060020111,2877269722,570600201
6020010,60200100101,2876216997,602001001
2083379801,5705230203,2877244621,570502302
520251,5202510101,2876210815,52025101
6020010,60200100201,2876232727,602001002
2203541451,57060020211,2877281483,570600202
2083379802,5705240201,2876243961,570502402
1974833501,57050210202,2877206401,570502102
5025530,5025530101,2876191439,50255301
2083379802,5705240201,2876245246,570502402
59990010,59990010205,2876206649,599900102
2083379802,5705240103,2877237643,570502401
2203541451,57060020214,2877514206,570600202
1473879154,125200202,2877194803,1252002
6020010,60200100101,2876220754,602001001
2203541451,57060020116,2876189704,570600201
2083379802,5705240102,2877210429,570502401
520202,5202020103,2877214206,52020201
1620431266,152800202,2877230285,1528001
2703103901,134001101,2877285116,1340011
1473879156,125501102,2877194830,1255011
2083379802,5705240204,2877186866,570502402
1473879156,125501104,2877166921,1255011
59990010,59990010202,2877454113,599900102
1974833501,57050210102,2877203026,570502101
5025510,5025510101,2876184860,50255101
1980349051,137000103,2877200667,1370001
2864046103,19180022201,2876190800,191800222
59990010,59990010101,2877291162,599900101
1620431258,152100201,2876197429,1521002
520202,5202020201,2877188579,52020202
1473879151,125000101,2876197980,1250001
59990010,59990010105,2876199641,599900101
2843786501,5403001103,2877209247,540300101
2203541451,57060020216,2876193480,570600202
2083379802,5705240202,2877225575,570502402
1620431266,152800101,2876199128,1528001
1620431252,171002203,2877165460,1710022
2203541451,57060020213,2877195625,570600202
501101,5011010201,2876203512,50110102
1620431257,152000101,2876197419,1520001
59990010,59990010201,2877299350,599900102
2438296401,17030050201,2876187566,170300502
10020011,10020011112,2877197988,100200111
5025530,5025530202,2877193770,50255302
59990010,59990010201,2877299305,599900102
2100452962,148802201,2876203525,1488022
2083379802,5705240103,2877238861,570502401
520202,5202020101,2877182918,52020201
5025530,5025530104,2877162182,50255301
59990030,59990030101,2876192808,599900301
2083379801,5705230103,2877234249,570502301
59990010,59990010201,2877300363,599900102
503101,5031010201,2876206621,50310102
2435797501,17030010203,2877218406,170300102
520202,5202020102,2877238884,52020201
6020010,60200100201,2876232744,602001002
2203541451,57060020115,2877165474,570600201
59990010,59990010202,2877454120,599900102
2551505855,140501102,2876189723,1405011
520202,5202020201,2877191077,52020202
2083379801,5705230204,2877185052,570502302
2203541451,57060020115,2877165458,570600201
2865013651,19190010101,2876191409,191900101
501201,5012010101,2876202342,50120101
1473879156,125501104,2877166925,1255011
2551505855,140501105,2877161075,1405011
2203541451,57060020215,2877169395,570600202
2070902402,142400102,2877230300,1424001
2203541451,57060020112,2877412730,570600201
2435797501,17030010201,2876190774,170300102
520202,5202020102,2877240214,52020201
59990010,59990010105,2876200375,599900101
2083379802,5705240202,2877225551,570502402
59990010,59990010205,2876207421,599900102
1620431257,152000103,2877166947,1520001
510703,5107030101,2877176394,51070301
510703,5107030201,2877180538,51070302
1473879154,125200102,2877193781,1252001
520202,5202020104,2876213249,52020201
510703,5107030102,2877233749,51070301
2843786501,5403001203,2877214223,540300102
591000501,5910005010202,2877183863,59100050102
6020010,60200100201,2876232718,602001002
6020010,60200100101,2876219553,602001001
59990010,59990010102,2877445879,599900101
1473879157,125502101,2876196618,1255021
2083379802,5705240201,2876243987,570502402
521302,5213020101,2876202935,52130201
591000200,5910002000203,2877160081,59100020002
59990010,59990010202,2877453253,599900102
1473879156,125501202,2877197954,1255012
2083379802,5705240101,2876223941,570502401
2435797501,17030010203,2877218405,170300102
2083379802,5705240101,2876225278,570502401
590511,5905110101,2876196136,59051101
2083379802,5705240201,2876246706,570502402
2083379801,5705230201,2876239115,570502302
2435797501,17030010103,2877217482,170300101
510703,5107030201,2877182053,51070302
2083379802,5705240201,2876246728,570502402
2083379802,5705240203,2877247686,570502402
2203541451,57060020115,2877165470,570600201
2083379802,5705240204,2877186889,570502402
503101,5031010201,2876206630,50310102
59990010,59990010101,2877291178,599900101
2083379801,5705230203,2877244638,570502302
2435797501,17030010103,2877217492,170300101
520202,5202020201,2877189954,52020202
2083379801,5705230101,2876218590,570502301
500301,5003010102,2877205357,50030101
2083379802,5705240201,2876243970,570502402
59990010,59990010203,2877203028,599900102
520202,5202020201,2877189980,52020202
59990010,59990010201,2877299303,599900102
510703,5107030203,2876212265,51070302
1620431257,152000201,2876198585,1520002
510703,5107030103,2876210847,51070301
2083379802,5705240201,2876245205,570502402
1974833501,57050210201,2876209358,570502102
2703103909,134302201,2876193488,1343022
2083379801,5705230103,2877235923,570502301
2083379801,5705230204,2877185086,570502302
59990010,59990010203,2877203047,599900102
1473879153,125102201,2876196109,1251022
59990010,59990010103,2877197238,599900101
59990010,59990010203,2877203042,599900102
520202,5202020104,2876213220,52020201
2083379802,5705240101,2876225265,570502401
521302,5213020102,2877201482,52130201
6020010,60200100101,2876219569,602001001
2295784351,136101101,2877288555,1361011
2083379801,5705230201,2876237490,570502302
510703,5107030103,2876210830,51070301
2203541451,57060020113,2877185076,570600201
2864046102,19180021201,2876190765,191800212
2083379802,5705240202,2877223119,570502402
500301,5003010201,2876209395,50030102
2083379802,5705240201,2876245232,570502402
1974833501,57050210202,2877205398,570502102
2083379802,5705240201,2876245227,570502402
2703103905,134101101,2876191406,1341011
2435797501,17030010101,2876187596,170300101
2100452955,148103202,2877201472,1481032
5105010,51050100101,2876184852,510501001
510707,5107070101,2876208373,51070701
2203541451,57060020215,2877170053,570600202
2203541451,57060020214,2877512877,570600202
10020011,10020011212,2877199841,100200112
2203541451,57060020216,2876194810,570600202
92591862,925918620201,2876211533,9259186202
1980349056,137300202,2877344950,1373002
10020011,10020011111,2876197967,100200111
503101,5031010101,2876206243,50310101
1974833501,57050210102,2877202147,570502101
5105120,51051200101,2876185862,510512001
59990040,59990040101,2876192272,599900401
59990030,59990030103,2877163380,599900301
2083379802,5705240102,2877210434,570502401
1980349051,137000104,2877230615,1370001
2083379801,5705230204,2877185084,570502302
2083379801,5705230104,2877178820,570502301
1473879151,125000201,2876200397,1250002
1473879151,125000102,2877197982,1250001
6020010,60200100201,2876232701,602001002
2083379802,5705240102,2877212007,570502401
1980349058,137402101,2877295079,1374021
5025530,5025530202,2877193761,50255302
1620431258,152100202,2877195643,1521002
1620431260,152202102,2877198722,1522021
2083379801,5705230201,2876239118,570502302
2203541451,57060020113,2877186869,570600201
1620431257,152000201,2876198590,1520002
2004504751,57050300202,2877200692,570503002
2083379802,5705240202,2877224324,570502402
500301,5003010203,2877233718,50030102
2203541451,57060020115,2877165463,570600201
2203541451,57060020114,2877507547,570600201
520202,5202020101,2877182098,52020201
2203541451,57060020216,2876193497,570600202
1473879151,125000101,2876197990,1250001
6020010,60200100101,2876220767,602001001
2551505851,140200101,2876206212,1402001
2083379802,5705240102,2877210441,570502401
59990010,59990010201,2877299332,599900102
2083379802,5705240202,2877225581,570502402
590503,5905030101,2876206203,59050301
2083379802,5705240104,2877180521,570502401
1620431257,152000202,2877199592,1520002
2083379802,5705240201,2876246701,570502402
2083379802,5705240101,2876222296,570502401
520252,5202520101,2876211519,52025201
1620431257,152000102,2877198713,1520001
2203541451,57060020211,2877281470,570600202
2083379801,5705230202,2877218421,570502302
2083379802,5705240202,2877223114,570502402
510707,5107070202,2877204349,51070702
2100452959,148600201,2876199135,1486002
59990010,59990010201,2877300361,599900102
2083379805,57050249204,2877525890,570502492
2703103902,134002204,2877162165,1340022
6020010,60200100201,2876232707,602001002
590600200,5906002000201,2876189726,59060020002
1974833501,57050210101,2876203538,570502101
2096814851,141601201,2876194823,1416012
2865013651,19190010201,2876192844,191900102
1473879156,125501201,2876198562,1255012
2083379804,57050239104,2877174663,570502391
510792,5107920101,2877200663,51079201
510703,5107030203,2876212284,51070302
520202,5202020104,2876214222,52020201
500301,5003010101,2876208378,50030101
2551505854,140303203,2877231211,1403032
520202,5202020101,2877182088,52020201
2203541451,57060020111,2877271445,570600201
510703,5107030103,2876210832,51070301
2203541451,57060020212,2877426099,570600202
503101,5031010101,2876206247,50310101
10020011,10020011211,2876200845,100200112
2703103911,134500201,2877286100,1345002
59990010,59990010104,2877167321,599900101
2100452957,148501101,2876197440,1485011
1473879157,125502203,2877228242,1255022
1473879156,125501201,2876198563,1255012
2083379802,5705240201,2876243955,570502402
2042522753,141100103,2877169399,1411001
5101010,51010100103,2877160056,510101001
59990010,59990010205,2876207427,599900102
6020010,60200100101,2876220776,602001001
2083379802,5705240101,2876225279,570502401
5025530,5025530201,2876194840,50255302
2203541451,57060020211,2877281471,570600202
510703,5107030101,2877176393,51070301
1620431262,152502202,2877199200,1525022
59990030,59990030101,2876192830,599900301
2203541451,57060020114,2877507534,570600201
5025530,5025530101,2876191445,50255301
520211,5202110201,2876210819,52021102
2083379802,5705240101,2876222292,570502401
503101,5031010101,2876206248,50310101
2083379801,5705230101,2876216979,570502301
1974833501,57050210101,2876204817,570502101
2703103905,134101201,2876191408,1341012
2203541451,57060020113,2877188566,570600201
59990010,59990010201,2877299304,599900102
59990010,59990010202,2877454132,599900102
2083379804,57050239105,2876206604,570502391
520202,5202020102,2877240224,52020201
2083379802,5705240202,2877225563,570502402
2111014955,148200202,2877202103,1482002
59990030,59990030103,2877163371,599900301
2083379804,57050239102,2877203013,570502391
2203541451,57060020116,2876188393,570600201
2203541451,57060020111,2877269711,570600201
510703,5107030103,2876211506,51070301
2042522755,141502201,2877200664,1415022
2083379801,5705230101,2876219566,570502301
510703,5107030202,2877237606,51070302
591000101,5910001010201,2876185875,59100010102
1473879156,125501201,2876198566,1255012
1974833501,57050210203,2877234231,570502102
2203541451,57060020214,2877512897,570600202
520202,5202020203,2877224302,52020202
1473879156,125501103,2877228960,1255011
10020011,10020011213,2877171701,100200112
2083379802,5705240203,2877247696,570502402
2083379805,57050249204,2877525889,570502492
5025530,5025530101,2876191443,50255301
2083379801,5705230102,2877209215,570502301
6020010,60200100101,2876219588,602001001
2864046101,19180010101,2876189750,191800101
2545581501,140001201,2876202933,1400012
6020010,60200100101,2876218569,602001001
1620431258,152100103,2877166909,1521001
1620431257,152000201,2876198588,1520002
2083379802,5705240102,2877212011,570502401
6020010,60200100201,2876232728,602001002
1974833501,57050210201,2876208393,570502102
2083379802,5705240101,2876222280,570502401
2703103907,134200201,2876193455,1342002
59990030,59990030102,2877192661,599900301
590502,5905020201,2876206208,59050202
2203541451,57060020113,2877188568,570600201
521302,5213020201,2876204813,52130202
2203541451,57060020111,2877269737,570600201
2435797503,17030030201,2876190793,170300302
590423,5904230201,2876202906,59042302
510703,5107030202,2877237615,51070302
59990010,59990010201,2877300365,599900102
2083379802,5705240101,2876223929,570502401
59990010,59990010201,2877299308,599900102
520202,5202020102,2877238880,52020201
5105140,51051400201,2876186658,510514002
2083379802,5705240102,2877210414,570502401
5102012,51020120101,2875795349,510201201
1473879159,125900101,2877292642,1259001
59990010,59990010101,2877291169,599900101
2435797501,17030010101,2876187594,170300101
59990010,59990010201,2877299335,599900102
2083379801,5705230103,2877235935,570502301
2083379802,5705240201,2876243989,570502402
59990040,59990040101,2876192289,599900401
2843786501,5403001203,2877214228,540300102
510791,5107910101,2876201612,51079101
510703,5107030102,2877234205,51070301
59990010,59990010104,2877167327,599900101
1974833502,57050381102,2877296992,570503811
520202,5202020201,2877191070,52020202
59990010,59990010105,2876200353,599900101
1620431266,152800103,2877169360,1528001
2865013651,19190010102,2877191880,191900101
2083379802,5705240104,2877178844,570502401
6020010,60200100201,2876232739,602001002
59990010,59990010201,2877299327,599900102
2083379801,5705230203,2877244623,570502302
2083379802,5705240104,2877180524,570502401
2083379801,5705230204,2877186855,570502302
520202,5202020103,2877213155,52020201
2863103351,1713001102,2877217474,171300101
2545581502,140002201,2876204832,1400022
520202,5202020203,2877223102,52020202
2100452952,148002201,2876200810,1480022
2083379801,5705230104,2877180503,570502301
59990010,59990010205,2876206650,599900102
5105090,51050900201,2877307129,510509002
2083379802,5705240101,2876225259,570502401
2083379802,5705240204,2877186895,570502402
2083379802,5705240104,2877180516,570502401
2083379802,5705240101,2876223938,570502401
520202,5202020202,2877247661,52020202
510703,5107030202,2877237609,51070302
1473879158,125800101,2877287850,1258001
2083379801,5705230202,2877220030,570502302
59990010,59990010101,2877291184,599900101
1974833501,57050210203,2877234226,570502102
2863103351,1713001103,2877161055,171300101
2864046103,19180022201,2876191402,191800222
1980349052,137101102,2877200660,1371011
1620431252,171002201,2876196129,1710022
59990010,59990010105,2876199644,599900101
2843786501,5403001101,2876185891,540300101
1473879155,125300204,2877169373,1253002
1473879154,125200101,2876196125,1252001
2865013651,19190010202,2877192677,191900102
2111014955,148200102,2877201495,1482001
1620431263,152601101,2876199106,1526011
501101,5011010101,2876202924,50110101
591000200,5910002000102,2877182928,59100020001
2083379801,5705230202,2877220013,570502302
2083379805,57050249205,2877174694,570502492
59990010,59990010204,2877173840,599900102
10020011,10020011213,2877170092,100200112
1473879151,125000102,2877197968,1250001
1620431259,152201203,2877168075,1522012
2083379801,5705230201,2876239124,570502302
2203541451,57060020111,2877269742,570600201
2863103351,1713001201,2876187563,171300102
500301,5003010102,2877205353,50030101
1620431260,152202102,2877198720,1522021
1974833501,57050210201,2876209371,570502102
2083379804,57050239104,2877174664,570502391
5025530,5025530102,2877191867,50255301
1620431258,152100101,2876196631,1521001
503101,5031010201,2876206625,50310102
2083379801,5705230203,2877244615,570502302
2083379801,5705230102,2877209227,570502301
1620431253,171500202,2877437548,1715002
10020011,10020011211,2876200836,100200112
2083379802,5705240202,2877224345,570502402
590600200,5906002000101,2876187553,59060020001
1473879153,125102103,2877227064,1251021
520202,5202020204,2876227926,52020202
1974833501,57050210101,2876204816,570502101
1620431261,152501102,2877199551,1525011
59990010,59990010103,2877197249,599900101
59990010,59990010205,2876208366,599900102
520202,5202020204,2876228965,52020202
520202,5202020204,2876227940,52020202
1473879151,125000201,2876200808,1250002
59990040,59990040101,2876192282,599900401
2843786501,5403001102,2877182067,540300101
59990010,59990010204,2877173816,599900102
2203541451,57060020212,2877427404,570600202
591000301,5910003010101,2876185871,59100030101
2083379801,5705230102,2877207618,570502301
59990030,59990030101,2876192819,599900301
59990010,59990010103,2877197227,599900101
591000301,5910003010201,2876186663,59100030102
5025530,5025530201,2876194835,50255302
2865013651,19190010202,2877192680,191900102
590511,5905110201,2876196139,59051102
59990030,59990030101,2876192821,599900301
2545581501,140001103,2877230637,1400011
591000302,5910003020103,2877160087,59100030201
2203541451,57060020214,2877512893,570600202
10020011,10020011112,2877198704,100200111
2083379801,5705230101,2876220761,570502301
2083379802,5705240203,2877247697,570502402
1974833501,57050210101,2876204802,570502101
2203541451,57060020215,2877170060,570600202
2083379801,5705230203,2877244614,570502302
59990040,59990040101,2876192271,599900401
2203541451,57060020114,2877507529,570600201
1974833501,57050210104,2877172487,570502101
520202,5202020102,2877238894,52020201
2111014954,142300101,2876206219,1423001
1473879151,125000102,2877197975,1250001
59990010,59990010101,2877290482,599900101
520202,5202020203,2877224307,52020202
2843786501,5403001101,2876185881,540300101
520202,5202020104,2876214219,52020201
520202,5202020102,2877240210,52020201
59990010,59990010204,2877173826,599900102
10020012,10020012113,2877162171,100200121
1473879151,125000204,2877168911,1250002
2545581503,140104103,2877172488,1401041
6020010,60200100101,2876220757,602001001
1980349060,137502201,2876203527,1375022
2083379801,5705230102,2877207617,570502301
2083379802,5705240203,2877248906,570502402
2083379802,5705240102,2877210415,570502401
1620431252,171002202,2877193798,1710022
2100452959,148600102,2877199803,1486001
591000200,5910002000202,2877182943,59100020002
2004504755,57050401101,2876202303,570504011
2203541451,57060020215,2877170056,570600202
510703,5107030101,2877177812,51070301
6020010,60200100101,2876218551,602001001
1974833501,57050210201,2876209351,570502102
2083379801,5705230204,2877185060,570502302
59990010,59990010205,2876207408,599900102
520202,5202020102,2877240201,52020201
510703,5107030203,2876212275,51070302
2083379801,5705230202,2877220041,570502302
1473879151,125000202,2877199569,1250002
500301,5003010201,2876209398,50030102
521302,5213020202,2877202109,52130202
520202,5202020204,2876228953,52020202
2435797501,17030010101,2876187591,170300101
10020012,10020012211,2876193466,100200122
2083379802,5705240103,2877238864,570502401
2083379802,5705240102,2877210403,570502401
59990010,59990010204,2877173807,599900102
520202,5202020203,2877224319,52020202
2203541451,57060020213,2877195601,570600202
59990010,59990010202,2877454112,599900102
520202,5202020202,2877246545,52020202
2203541451,57060020115,2877165462,570600201
2083379802,5705240101,2876225257,570502401
520202,5202020103,2877213160,52020201
59990010,59990010205,2876208372,599900102
2203541451,57060020212,2877427414,570600202
1974833502,57050381202,2877299325,570503812
2435797501,17030010101,2876187589,170300101
2083379802,5705240101,2876223946,570502401
590513,5905130201,2876196140,59051302
2083379802,5705240101,2876225287,570502401
501101,5011010201,2876203511,50110102
59990010,59990010104,2877167332,599900101
1473879151,125000102,2877197969,1250001
510703,5107030101,2877176400,51070301
2083379802,5705240103,2877238878,570502401
59990010,59990010204,2877173848,599900102
1974833501,57050210103,2877232084,570502101
5101010,51010100203,2877160069,510101002
1620431261,152501203,2877168906,1525012
1974833501,57050210103,2877232086,570502101
2083379801,5705230103,2877235905,570502301
2435797502,17030020201,2876190797,170300202
2083379802,5705240201,2876248252,570502402
2083379805,57050249104,2877524790,570502491
2076567807,136501101,2877300380,1365011
59990010,59990010105,2876199615,599900101
1974833501,57050210203,2877234224,570502102
591000302,5910003020101,2876185899,59100030201
2083379801,5705230102,2877207637,570502301
59990010,59990010201,2877298396,599900102
2083379802,5705240202,2877223124,570502402
59990010,59990010201,2877299315,599900102
2083379801,5705230104,2877178826,570502301
2083379801,5705230101,2876216970,570502301
2703103911,134500102,2876193483,1345001
2203541451,57060020212,2877427402,570600202
59990010,59990010101,2877291183,599900101
520202,5202020202,2877246538,52020202
501201,5012010201,2876202914,50120102
1473879155,125300104,2877169352,1253001
2083379805,57050249204,2877525888,570502492
2203541451,57060020211,2877280295,570600202
2438296401,17030050101,2876187552,170300501
59990010,59990010102,2877444923,599900101
2004504757,57050410102,2877200652,570504101
5025510,5025510202,2877177835,50255102
2083379802,5705240204,2877188573,570502402
520202,5202020202,2877246534,52020202
10020011,10020011212,2877199836,100200112
2083379802,5705240201,2876246726,570502402
1974833501,57050210201,2876209372,570502102
59990010,59990010201,2877299334,599900102
580104,5801040201,2876206644,58010402
1620431257,152000203,2877168927,1520002
59990010,59990010104,2877167336,599900101
2083379801,5705230101,2876216965,570502301
10020012,10020012111,2876191432,100200121
2203541451,57060020212,2877426073,570600202
6020010,60200100201,2876231896,602001002
1974833501,57050210202,2877206405,570502102
580104,5801040101,2876206641,58010401
500301,5003010202,2877205369,50030102
2083379801,5705230104,2877178808,570502301
2083379805,57050249205,2877174697,570502492
520202,5202020201,2877189953,52020202
510708,5107080202,2877205365,
59990010,59990010102,2877445881,599900101
1974833501,57050210103,2877232087,570502101
2083379802,5705240101,2876222270,570502401
520202,5202020201,2877191088,52020202
2203541451,57060020111,2877269724,570600201
2083379802,5705240201,2876246737,570502402
1974833502,57050381102,2877296979,570503811
5101010,51010100102,2877177831,510101001
1974833502,57050381102,2877296993,570503811
2083379801,5705230101,2876216994,570502301
59990030,59990030102,2877192664,599900301
520202,5202020102,2877240219,52020201
5025510,5025510102,2877177826,50255101
2203541451,57060020211,2877280265,570600202
59990010,59990010101,2877291151,599900101
591000302,5910003020202,2877183857,59100030202
2438296404,17030063201,2876191404,170300632
1974833501,57050210203,2877234234,570502102
520202,5202020103,2877213162,52020201
2083379801,5705230101,2876222260,570502301
1473879154,125200104,2877164247,1252001
2083379802,5705240203,2877248922,570502402
2083379801,5705230201,2876239111,570502302
2083379801,5705230104,2877180517,570502301
520202,5202020104,2876213216,52020201
520202,5202020201,2877188595,52020202
59990030,59990030102,2877191889,599900301
520202,5202020202,2877247664,52020202
2295784351,136101201,2877288561,1361012
2083379801,5705230101,2876222268,570502301
2083379802,5705240104,2877180509,570502401
520202,5202020104,2876214227,52020201
1620431257,152000101,2876197420,1520001
5102012,51020120201,2876184866,510201202
520202,5202020202,2877246544,52020202
2203541451,57060020116,2876188399,570600201
5025530,5025530204,2877164231,50255302
2083379801,5705230201,2876237485,570502302
1473879156,125501101,2876196641,1255011
590604,5906040101,2876189739,59060401
59990010,59990010101,2877291166,599900101
2042522753,141100202,2877230632,1411002
5105140,51051400101,2876184897,510514001
5025530,5025530104,2877162192,50255301
5025530,5025530101,2876191441,50255301
2843786501,5403001202,2877182930,540300102
2083379802,5705240101,2876223936,570502401
590301,5903010201,2876196116,59030102
59990010,59990010105,2876199634,599900101
2083379802,5705240201,2876245211,570502402
2083379802,5705240201,2876246745,570502402
2083379801,5705230102,2877207647,570502301
2203541451,57060020114,2877506549,570600201
5101010,51010100101,2876184858,510101001
1620431257,152000203,2877168930,1520002
1974833501,57050210102,2877204307,570502101
2203541451,57060020216,2876193495,570600202
2083379801,5705230102,2877207632,570502301
2083379802,5705240204,2877186880,570502402
2100452959,148600101,2876199129,1486001
10020011,10020011211,2876200830,100200112
2083379801,5705230104,2877177845,570502301
2435797501,17030010103,2877217488,170300101
2083379801,5705230103,2877235904,570502301
2083379805,57050249103,2876206613,570502491
2083379802,5705240101,2876225268,570502401
520202,5202020101,2877182911,52020201
2545581501,140001104,2877171733,1400011
59990010,59990010201,2877299310,599900102
59990010,59990010205,2876206647,599900102
510711,5107110201,2877567873,51071102
2004504753,57050360101,2876202949,570503601
2083379802,5705240201,2876246705,570502402
2083379801,5705230103,2877235926,570502301
1620431257,152000202,2877199593,1520002
2843786501,5403001202,2877182934,540300102
1974833501,57050210104,2877172470,570502101
2083379802,5705240204,2877186882,570502402
5105150,51051500101,2876184881,510515001
1620431253,171500103,2877194806,1715001
501301,5013010201,2876202909,50130102
2843786501,5403001201,2876188353,540300102
2843786501,5403001102,2877182061,540300101
1473879158,125800201,2877288597,1258002
2083379802,5705240103,2877238862,570502401
520202,5202020102,2877240213,52020201
521302,5213020103,2877171737,52130201
2083379801,5705230202,2877220049,570502302
59990030,59990030102,2877192663,599900301
510707,5107070204,2877175678,51070702
2083379801,5705230102,2877207631,570502301
2083379802,5705240204,2877186854,570502402
59990010,59990010103,2877197205,599900101
590503,5905030201,2876206214,59050302
2083379801,5705230201,2876240854,570502302
1974833501,57050210202,2877205390,570502102
2083379802,5705240203,2877247698,570502402
2076567802,136002103,2877230624,1360021
1473879154,125200101,2876196119,1252001
2203541451,57060020211,2877281455,570600202
520202,5202020204,2876228966,52020202
1974833501,57050210202,2877205391,570502102
2435797501,17030010201,2876190783,170300102
2545581501,140001102,2877201464,1400011
2843786501,5403001101,2876185896,540300101
2435797502,17030020201,2876190795,170300202
2083379802,5705240203,2877248903,570502402
522101,5221010105,2876206617,52210101
501101,5011010201,2876203515,50110102
2100452955,148103102,2877201470,1481031
1473879156,125501103,2877228962,1255011
2203541451,57060020113,2877185091,570600201
520202,5202020103,2877213166,52020201
59990010,59990010203,2877203009,599900102
1473879157,125502201,2876196622,1255022
5025530,5025530102,2877191870,50255301
500301,5003010101,2876208387,50030101
2083379801,5705230202,2877218415,570502302
2203541451,57060020213,2877195612,570600202
2083379801,5705230101,2876218553,570502301
59990010,59990010203,2877203006,599900102
501102,5011020201,2876202333,50110202
520202,5202020201,2877188582,52020202
1974833501,57050210202,2877206407,570502102
2083379801,5705230202,2877221263,570502302
2551505854,140303204,2877173802,1403032
510703,5107030103,2876211501,51070301
510703,5107030102,2877234204,51070301
591000501,5910005010101,2876186672,59100050101
5105120,51051200201,2876186689,510512002
520202,5202020102,2877240215,52020201
5025530,5025530104,2877162180,50255301
510710,5107100102,2876208389,51071001
501201,5012010101,2876202345,50120101
520202,5202020101,2877182094,52020201
59990010,59990010205,2876207447,599900102
520202,5202020101,2877182901,52020201
591000501,5910005010203,2877161068,59100050102
2042522751,141001101,2876200812,1410011
501101,5011010202,2877201500,50110102
1980349052,137101205,2877170090,1371012
521302,5213020102,2877201476,52130201
6020010,60200100101,2876219564,602001001
2295784352,136102202,2877199839,1361022
1473879155,125300203,2877230602,1253002
2083379802,5705240102,2877210426,570502401
2083379802,5705240101,2876223926,570502401
2083379805,57050249203,2876206634,570502492
2203541451,57060020114,2877507504,570600201
59990010,59990010201,2877299326,599900102
591000101,5910001010101,2876184889,59100010101
1620431257,152000102,2877198707,1520001
1473879153,125102103,2877227062,1251021
59990010,59990010105,2876199629,599900101
59990010,59990010103,2877197952,599900101
2083379802,5705240202,2877224315,570502402
10020012,10020012213,2877164206,100200122
59990040,59990040101,2876192288,599900401
520202,5202020104,2876213218,52020201
2083379801,5705230101,2876220788,570502301
6020010,60200100101,2876219598,602001001
1620431257,152000101,2876197423,1520001
2203541451,57060020113,2877188556,570600201
520202,5202020202,2877246528,52020202
10020011,10020011111,2876197969,100200111
2083379802,5705240202,2877223134,570502402
1620431262,152502102,2877199199,1525021
59990010,59990010105,2876200361,599900101
591000400,5910004000201,2876186679,59100040002
1620431254,171600101,2876201609,1716001
520202,5202020204,2876227922,52020202
2083379801,5705230102,2877207628,570502301
1473879156,125501201,2876198561,1255012
1473879151,125000104,2877166941,1250001
1620431252,171002203,2877165461,1710022
510703,5107030201,2877182055,51070302
1473879152,125101204,2877163352,1251012
2083379801,5705230201,2876239129,570502302
501101,5011010101,2876202927,50110101
510703,5107030102,2877233748,51070301
1473879151,125000101,2876197997,1250001
1473879155,125300202,2877200685,1253002
59990010,59990010101,2877291186,599900101
1473879152,125101103,2877227075,1251011
1473879151,125000101,2876197984,1250001
6020010,60200100201,2876232748,602001002
59990010,59990010105,2876199619,599900101
1473879151,125000101,2876197982,1250001
59990010,59990010205,2876207419,599900102
5025530,5025530101,2876191447,50255301
1974833501,57050210101,2876204821,570502101
1473879155,125300202,2877200690,1253002
59990010,59990010201,2877299341,599900102
1974833501,57050210201,2876208395,570502102
2083379801,5705230101,2876220779,570502301
10020011,10020011212,2877199844,100200112
2203541451,57060020111,2877269745,570600201
501101,5011010102,2877201474,50110101
503101,5031010201,2876206623,50310102
591000200,5910002000103,2877160064,59100020001
510703,5107030203,2876212262,51070302
2083379805,57050249105,2877174677,570502491
10020011,10020011212,2877199827,100200112
510703,5107030101,2877177816,51070301
591000302,5910003020201,2876186666,59100030202
1974833501,57050210203,2877234219,570502102
520202,5202020204,2876228968,52020202
2203541451,57060020113,2877186898,570600201
1620431251,171001101,2876196605,1710011
510703,5107030203,2876212276,51070302
2865013651,19190010201,2876192847,191900102
1473879152,125101101,2876196101,1251011
59990010,59990010203,2877203015,599900102
591000400,5910004000201,2876186676,59100040002
1620431252,171002201,2876196128,1710022
59990010,59990010204,2877173844,599900102
500301,5003010202,2877205371,50030102
2864046101,19180010201,2876190758,191800102
10020011,10020011211,2876201601,100200112
510202,5102020201,2876204841,51020202
6020010,60200100101,2876218579,602001001
1974833501,57050210202,2877206410,570502102
510762,5107620101,2877344913,51076201
1980349051,137000101,2877293547,1370001
1473879158,125800201,2877288595,1258002
590421,5904210101,2876202323,59042101
2203541451,57060020114,2877507546,570600201
2083379801,5705230204,2877185069,570502302
2864046102,19180021201,2876190763,191800212
520202,5202020103,2877213182,52020201
2865013651,19190010101,2876191414,191900101
2083379802,5705240201,2876248251,570502402
520202,5202020203,2877223148,52020202
2083379804,57050239104,2877174660,570502391
2083379801,5705230201,2876237465,570502302
2042522752,141002201,2876202320,1410022
520211,5202110202,2877206415,52021102
510703,5107030103,2876210845,51070301
2203541451,57060020214,2877514214,570600202
2203541451,57060020214,2877512882,570600202
1974833502,57050381102,2877296975,570503811
59990010,59990010204,2877173813,599900102
10020012,10020012111,2876191435,100200121
2083379802,5705240104,2877178829,570502401
1473879151,125000202,2877199572,1250002
1974833501,57050210103,2877232075,570502101
2083379802,5705240202,2877225578,570502402
2083379802,5705240201,2876246723,570502402
2083379801,5705230201,2876239135,570502302
2083379802,5705240103,2877238872,570502401
2864046101,19180010201,2876190760,191800102
2083379801,5705230201,2876239125,570502302
59990040,59990040101,2876192809,599900401
1620431257,152000103,2877167303,1520001
1473879151,125000201,2876200400,1250002
1473879153,125102203,2877227080,1251022
2083379802,5705240201,2876243978,570502402
2083379801,5705230203,2877244640,570502302
2083379801,5705230201,2876237453,570502302
2083379802,5705240101,2876225284,570502401
2843786501,5403001103,2877209242,540300101
10020012,10020012113,2877162170,100200121
59990010,59990010204,2877173811,599900102
510707,5107070201,2876208375,51070702
2083379801,5705230104,2877178810,570502301
59990010,59990010201,2877299307,599900102
500301,5003010103,2877233701,50030101
1620431252,171002201,2876196127,1710022
2083379802,5705240102,2877212017,570502401
2844734851,5227010201,2876189718,522700102
2083379802,5705240201,2876243984,570502402
1974833501,57050210103,2877232079,570502101
2083379802,5705240201,2876245213,570502402
2083379801,5705230201,2876239105,570502302
520202,5202020202,2877246548,52020202
1473879154,125200201,2876196147,1252002
1620431257,152000101,2876197411,1520001
2203541451,57060020113,2877185070,570600201
2083379801,5705230102,2877207630,570502301
520202,5202020102,2877238897,52020201
5105120,51051200201,2876186684,510512002
10020011,10020011112,2877197999,100200111
1473879151,125000204,2877168921,1250002
2083379802,5705240201,2876245206,570502402
2083379801,5705230204,2877183889,570502302
2083379802,5705240201,2876246722,570502402
2083379801,5705230102,2877207624,570502301
2203541451,57060020112,2877412708,570600201
59990010,59990010203,2877204306,599900102
500301,5003010201,2876210801,50030102
2083379802,5705240102,2877210428,570502401
510703,5107030102,2877234208,51070301
1473879152,125101104,2877162194,1251011
590600200,5906002000101,2876187555,59060020001
10020012,10020012212,2877192695,100200122
1620431257,152000203,2877168929,1520002
2843786501,5403001101,2876185890,540300101
2203541451,57060020214,2877512886,570600202
520202,5202020203,2877223117,52020202
2083379802,5705240102,2877212004,570502401
2004504755,57050401103,2877230629,570504011
10020012,10020012112,2877192675,100200121
1473879156,125501201,2876198573,1255012
59990010,59990010101,2877291170,599900101
59990010,59990010101,2877290492,599900101
2203541451,57060020111,2877269714,570600201
59990010,59990010103,2877197217,599900101
2843786501,5403001103,2877209250,540300101
510201,5102010202,2877230648,51020102
1974833501,57050210102,2877203010,570502101
2083379801,5705230202,2877218432,570502302
6020010,60200100201,2876232708,602001002
2203541451,57060020213,2877195628,570600202
59990010,59990010201,2877298395,599900102
2203541451,57060020113,2877185068,570600201
1620431257,152000103,2877166945,1520001
2844734851,5227010102,2877183866,522700101
2083379801,5705230204,2877185088,570502302
2083379801,5705230202,2877220034,570502302
59990010,59990010101,2877291157,599900101
520202,5202020203,2877221299,52020202
59990010,59990010104,2877168068,599900101
59990010,59990010202,2877453291,599900102
2435797502,17030020102,2877185099,170300201
2083379802,5705240204,2877186861,570502402
59990030,59990030102,2877191888,599900301
1620431258,152100103,2877166910,1521001
520211,5202110203,2877176387,52021102
2083379802,5705240102,2877210440,570502401
2083379801,5705230202,2877218422,570502302
2203541451,57060020111,2877269715,570600201
501102,5011020103,2877201451,50110201
500301,5003010101,2876208382,50030101
59990010,59990010201,2877300370,599900102
1620431261,152501202,2877199555,1525012
5907010,5907010101,2875795343,59070101
59990010,59990010104,2877167319,599900101
59990010,59990010103,2877195648,599900101
1473879152,125101102,2877193777,1251011
2203541451,57060020113,2877185085,570600201
2203541451,57060020112,2877412705,570600201
2100452952,148002201,2876200811,1480022
580101,5801010101,2876211513,
2435797503,17030030203,2877218412,170300302
580106,5801060201,2877304532,58010602
1473879151,125000104,2877166939,1250001
59990010,59990010202,2877454107,599900102
10020011,10020011112,2877197990,100200111
2551505856,140502101,2877279588,1405021
2865013651,19190010201,2876192842,191900102
59990040,59990040101,2876192283,599900401
510707,5107070203,2877233705,51070702
2083379802,5705240103,2877237641,570502401
1473879151,125000102,2877197983,1250001
2083379801,5705230101,2876222256,570502301
1473879157,125502204,2877166902,1255022
2083379805,57050249102,2877202126,570502491
5105140,51051400101,2876184900,510514001
1473879151,125000204,2877168920,1250002
2203541451,57060020114,2877507501,570600201
2083379802,5705240103,2877237630,570502401
1974833501,57050210102,2877203022,570502101
1974833501,57050210101,2876203543,570502101
520202,5202020103,2877213171,52020201
2083379802,5705240201,2876245249,570502402
500301,5003010101,2876208386,50030101
2083379802,5705240202,2877224327,570502402
520202,5202020203,2877223133,52020202
2083379801,5705230104,2877180531,570502301
2083379801,5705230102,2877209208,570502301
1620431263,152601202,2877199562,1526012
59990010,59990010104,2877168061,599900101
2083379802,5705240101,2876225286,570502401
520202,5202020203,2877223125,52020202
520202,5202020201,2877191087,52020202
59990010,59990010105,2876199614,599900101
520202,5202020204,2876227948,52020202
521302,5213020203,2877172461,52130202
59990010,59990010103,2877197229,599900101
2843786501,5403001103,2877209234,540300101
1620431257,152000101,2876197416,1520001
520202,5202020203,2877223143,52020202
2083379802,5705240102,2877210443,570502401
2083379802,5705240101,2876222282,570502401
2435797501,17030010103,2877217487,170300101
6020010,60200100101,2876220770,602001001
92591851,925918510201,2876211530,9259185102
2004504755,57050401101,2876202309,570504011
1620431256,171800103,2877230264,1718001
1620431253,171500102,2877436007,1715001
2203541451,57060020211,2877281461,570600202
2203541451,57060020216,2876193478,570600202
2203541451,57060020215,2877170071,570600202
2083379802,5705240201,2876243974,570502402
2545581502,140002101,2876204814,1400021
1974833501,57050210202,2877206409,570502102
2083379802,5705240101,2876223928,570502401
591000302,5910003020103,2877160085,59100030201
520202,5202020102,2877240225,52020201
1473879151,125000201,2876200386,1250002
1620431254,171600201,2876201619,1716002
520202,5202020201,2877189995,52020202
2203541451,57060020113,2877186890,570600201
59990010,59990010202,2877453280,599900102
510703,5107030201,2877180539,51070302
2083379801,5705230101,2876216982,570502301
10020011,10020011211,2876200820,100200112
59990010,59990010105,2876200357,599900101
2042522753,141100101,2877200654,1411001
1620431257,152000202,2877199597,1520002
1620431263,152601102,2877199554,1526011
1473879151,125000101,2876197986,1250001
2203541451,57060020112,2877412739,570600201
2076567808,136502203,2877201493,1365022
590103,5901030201,2876187551,59010302
503101,5031010201,2876206622,50310102
2100452959,148600202,2877199808,1486002
59990030,59990030102,2877191890,599900301
59990010,59990010102,2877445858,599900101
2295784352,136102102,2877199812,1361021
59990010,59990010102,2877445878,599900101
1473879156,125501204,2877167310,1255012
2203541451,57060020213,2877195614,570600202
1620431256,171800104,2877168946,1718001
10020011,10020011111,2876197968,100200111
510701,5107010102,2877204342,51070101
590421,5904210201,2876202324,59042102
1620431262,152502101,2876198595,1525021
2083379804,57050239103,2877231249,570502391
59990040,59990040101,2876192285,599900401
59990010,59990010104,2877167346,599900101
2843786501,5403001102,2877182070,540300101
2083379801,5705230101,2876218559,570502301
10020011,10020011112,2877197993,100200111
500301,5003010101,2876208384,50030101
1473879151,125000101,2876197994,1250001
2865013652,19190020101,2876191417,191900201
500301,5003010203,2877233719,50030102
1473879151,125000202,2877199565,1250002
59990010,59990010103,2877197215,599900101
2083379802,5705240202,2877224349,570502402
2076567801,136001101,2877294278,1360011
520202,5202020102,2877240204,52020201
2203541451,57060020214,2877514201,570600202
5025530,5025530102,2877191876,50255301
1974833501,57050210103,2877232078,570502101
1473879153,125102101,2876194829,1251021
2864046101,19180010101,2876189747,191800101
1473879156,125501202,2877197961,1255012
520211,5202110203,2877176385,52021102
520202,5202020103,2877213179,52020201
2865013651,19190010201,2876192840,191900102
2083379801,5705230201,2876239149,570502302
2083379801,5705230101,2876216973,570502301
2083379802,5705240201,2876246708,570502402
1620431266,152800201,2876199148,1528001
5025530,5025530103,2877224318,50255301
2042522751,141001106,2877169370,1410011
2203541451,57060020114,2877507512,570600201
520202,5202020203,2877223111,52020202
6020010,60200100201,2876232747,602001002
59990010,59990010202,2877453260,599900102
1620431257,152000101,2876197414,1520001
501201,5012010201,2876202913,50120102
521302,5213020103,2877171747,52130201
5025530,5025530104,2877162189,50255301
1473879151,125000202,2877199564,1250002
2083379802,5705240101,2876223931,570502401
2083379804,57050239204,2877174689,570502392
5101010,51010100202,2877177838,510101002
59990030,59990030102,2877191887,599900301
2203541451,57060020214,2877512888,570600202
2042522751,141001201,2876201624,1410012
2004504753,57050360201,2876203535,570503602
2203541451,57060020114,2877507523,570600201
59990010,59990010205,2876207411,599900102
1473879156,125501201,2876198558,1255012
1980349051,137000201,2877294292,1370002
1473879156,125501201,2876198574,1255012
10020012,10020012112,2877192673,100200121
2004504751,57050300102,2877200672,570503001
6020010,60200100201,2876233108,602001002
2203541451,57060020213,2877195621,570600202
5105150,51051500201,2876184895,510515002
1620431258,152100201,2876197430,1521002
2439533001,17030070101,2876187597,170300701
1473879155,125300101,2876199142,1253001
521302,5213020203,2877172460,52130202
2083379801,5705230101,2876222258,570502301
2083379805,57050249205,2877174696,570502492
59990010,59990010103,2877197231,599900101
6020010,60200100101,2876218570,602001001
2865013652,19190020101,2876191421,191900201
1620431258,152100203,2877166928,1521002
2435797501,17030010103,2877217481,170300101
2703103910,134400201,2876193457,1344002
500301,5003010103,2877232100,50030101
520202,5202020101,2877182089,52020201
1974833501,57050210203,2877234230,570502102
520202,5202020201,2877189969,52020202
591000501,5910005010103,2877160099,59100050101
1620431256,171800201,2876199133,1718002
2203541451,57060020216,2876194804,570600202
2083379802,5705240202,2877225565,570502402
2096814851,141601201,2876194825,1416012
2083379802,5705240101,2876225291,570502401
2545581501,140001101,2876202928,1400011
2435797502,17030020101,2876190771,170300201
59990010,59990010204,2877173805,599900102
59990010,59990010204,2877173825,599900102
2083379802,5705240102,2877212006,570502401
2203541451,57060020211,2877281482,570600202
2083379801,5705230201,2876240852,570502302
2076567807,136501101,2877300378,1365011
2111014951,148511201,2877204343,1485112
2083379802,5705240203,2877248925,570502402
2551505855,140501202,2876189737,1405012
510707,5107070102,2877204345,51070701
2004504757,57050410102,2877200651,570504101
10020011,10020011213,2877170091,100200112
520202,5202020102,2877238888,52020201
520202,5202020102,2877238881,52020201
1620431256,171800203,2877230282,1718002
2203541451,57060020111,2877269744,570600201
2083379801,5705230103,2877235917,570502301
2703103904,134004201,2877285147,1340042
2703103903,134003201,2877286079,1340032
1974833501,57050210102,2877203031,570502101
1473879156,125501103,2877228956,1255011
59990010,59990010103,2877197220,599900101
2083379802,5705240102,2877212009,570502401
10020012,10020012112,2877192669,100200121
2083379802,5705240102,2877210437,570502401
1473879151,125000103,2877228985,1250001
10020011,10020011211,2876200829,100200112
520202,5202020201,2877189990,52020202
2100452957,148501201,2876197965,1485012
1473879151,125000203,2877230273,1250002
2203541451,57060020114,2877507521,570600201
1980349059,137501101,2876203519,1375011
59990010,59990010204,2877173808,599900102
2865013651,19190010102,2877191882,191900101
501102,5011020101,2876202317,50110201
6020010,60200100101,2876216996,602001001
1620431257,152000203,2877168933,1520002
1620431257,152000102,2877198710,1520001
59990030,59990030101,2876192826,599900301
522101,5221010105,2876206619,52210101
591000501,5910005010103,2877160095,59100050101
1473879154,125200202,2877193799,1252002
59990010,59990010202,2877454109,599900102
590600200,5906002000101,2876187556,59060020001
1473879157,125502104,2877165493,1255021
1620431261,152501101,2876198591,1525011
2203541451,57060020215,2877170074,570600202
2865013651,19190010202,2877192684,191900102
1620431257,152000103,2877166946,1520001
6020010,60200100201,2876232749,602001002
510203,5102030201,2876204842,51020302
2083379805,57050249102,2877202124,570502491
2083379801,5705230102,2877207627,570502301
1473879153,125102104,2877163393,1251021
59990010,59990010205,2876207437,599900102
2083379802,5705240101,2876222290,570502401
2203541451,57060020216,2876193499,570600202
2843786501,5403001101,2877268200,540300101
59990010,59990010204,2877174654,599900102
2083379802,5705240201,2876243965,570502402
2703103902,134002102,2877192690,1340021
520212,5202120201,2876210835,52021202
1620431263,152601101,2876199109,1526011
59990010,59990010204,2877173810,599900102
520202,5202020201,2877191052,52020202
520211,5202110202,2877206413,52021102
2203541451,57060020114,2877507549,570600201
520202,5202020104,2876213228,52020201
1473879156,125501103,2877228961,1255011
59990010,59990010203,2877202140,599900102
2083379801,5705230201,2876239114,570502302
59990010,59990010202,2877453258,599900102
2083379801,5705230201,2876239143,570502302
10020012,10020012212,2877193751,100200122
2295784351,136101201,2877288558,1361012
1473879158,125800101,2877287845,1258001
1473879152,125101102,2877193768,1251011
2083379802,5705240201,2876246732,570502402
520202,5202020203,2877224330,52020202
2083379804,57050239205,2876206608,570502392
2004504755,57050401104,2877171718,570504011
2083379801,5705230101,2876222252,570502301
501101,5011010101,2876202926,50110101
10020012,10020012213,2877164208,100200122
2203541451,57060020215,2877170072,570600202
510703,5107030203,2876212277,51070302
1473879151,125000101,2876197996,1250001
2203541451,57060020214,2877514211,570600202
2083379801,5705230102,2877209201,570502301
520202,5202020202,2877246529,52020202
2076567801,136001201,2877295077,1360012
590503,5905030101,2876206202,59050301
2083379801,5705230204,2877185061,570502302
1974833502,57050381102,2877296986,570503811
1620431252,171002102,2877193787,1710021
1620431258,152100101,2876196628,1521001
2083379801,5705230202,2877220006,570502302
2083379801,5705230104,2877178806,570502301
10020011,10020011112,2877198705,100200111
10020011,10020011111,2876197953,100200111
2083379801,5705230103,2877235911,570502301
5025530,5025530203,2877227051,50255302
2083379802,5705240101,2876225256,570502401
10020012,10020012113,2877162176,100200121
2083379802,5705240104,2877178823,570502401
5105150,51051500201,2876184891,510515002
2083379805,57050249202,2877204324,570502492
520202,5202020203,2877223141,52020202
1473879156,125501203,2877229443,1255012
500301,5003010101,2876208381,50030101
1974833501,57050210203,2877234242,570502102
1980349061,137600201,2876201645,1376002
2865013651,19190010102,2877191885,191900101
2083379802,5705240101,2876225269,570502401
2083379801,5705230102,2877209211,570502301
1473879151,125000103,2877228991,1250001
1980349061,137600201,2876201647,1376002
2083379802,5705240101,2876223937,570502401
59990010,59990010203,2877202129,599900102
59990010,59990010105,2876199650,599900101
2083379801,5705230101,2876219589,570502301
2083379803,57050219202,2877161080,570502192
59990010,59990010102,2877445869,599900101
1620431257,152000201,2876198589,1520002
1473879151,125000104,2877166940,1250001
2843786501,5403001203,2877214232,540300102
510703,5107030203,2876212270,51070302
510201,5102010102,2877230643,51020101
59990010,59990010205,2876207443,599900102
1473879151,125000201,2876200382,1250002
2083379801,5705230104,2877178802,570502301
59990030,59990030102,2877191891,599900301
2843786501,5403001201,2876187599,540300102
1974833501,57050210201,2876209366,570502102
2083379801,5705230104,2877178830,570502301
1620431261,152501103,2877168079,1525011
520202,5202020204,2876227916,52020202
520202,5202020201,2877191073,52020202
591000501,5910005010102,2877183852,59100050101
1620431266,152800102,2877230266,1528001
2083379801,5705230102,2877209222,570502301
2865013651,19190010202,2877192681,191900102
2083379802,5705240201,2876245238,570502402
520202,5202020202,2877246541,52020202
501201,5012010101,2876202346,50120101
5105120,51051200101,2876185864,510512001
1473879157,125502101,2876196615,1255021
2083379802,5705240202,2877224339,570502402
2083379802,5705240202,2877225560,570502402
1620431266,152800202,2877230284,1528001
1473879153,125102201,2876196112,1251022
520202,5202020203,2877224336,52020202
59990010,59990010103,2877197246,599900101
2076567804,136200101,2876201637,1362001
1473879151,125000204,2877168907,1250002
520202,5202020201,2877189978,52020202
510707,5107070101,2876208374,51070701
2083379805,57050249202,2877204327,570502492
2203541451,57060020216,2876193476,570600202
1620431257,152000202,2877199591,1520002
2545581504,140106201,2876206207,1401062
2083379802,5705240101,2876225253,570502401
2076567805,136300101,2876201639,1363001
2083379801,5705230202,2877221273,570502302
2083379802,5705240101,2876225267,570502401
500301,5003010201,2876209397,50030102
2083379802,5705240204,2877186878,570502402
2703103902,134002203,2877227068,1340022
59990030,59990030101,2876192265,599900301
2844734851,5227010201,2876189715,522700102
2843786501,5403001101,2877269152,540300101
520202,5202020104,2876214204,52020201
2551505854,140303104,2877172500,1403031
59990030,59990030101,2876192833,599900301
2083379801,5705230202,2877220020,570502302
2435797503,17030030202,2877189951,170300302
1974833501,57050210104,2877172477,570502101
2083379802,5705240202,2877225572,570502402
510703,5107030202,2877237616,51070302
59990010,59990010101,2877290487,599900101
10020011,10020011111,2876197958,100200111
10020012,10020012213,2877164202,100200122
2083379802,5705240102,2877210439,570502401
2083379802,5705240103,2877238873,570502401
520202,5202020104,2876213240,52020201
59990010,59990010103,2877197242,599900101
2083379801,5705230103,2877235940,570502301
2203541451,57060020112,2877412703,570600201
2083379801,5705230204,2877185051,570502302
1620431257,152000102,2877198717,1520001
2843786501,5403001101,2876185893,540300101
5105140,51051400201,2876186653,510514002
10020011,10020011212,2877199838,100200112
6020010,60200100101,2877188596,602001001
2083379802,5705240201,2876245207,570502402
2076567807,136501201,2877301204,1365012
59990010,59990010202,2877454110,599900102
2083379802,5705240201,2876243952,570502402
2865013652,19190020101,2876191413,191900201
2083379801,5705230104,2877180529,570502301
5025530,5025530204,2877164238,50255302
59990030,59990030102,2877191892,599900301
1620431263,152601101,2876199107,1526011
1974833501,57050210201,2876208400,570502102
2083379801,5705230102,2877207636,570502301
2203541451,57060020115,2877165478,570600201
59990030,59990030103,2877163377,599900301
2203541451,57060020215,2877170087,570600202
2203541451,57060020213,2877194842,570600202
580102,5801020201,2877355816,
59990010,59990010105,2876199643,599900101
2083379805,57050249103,2876206612,570502491
5025530,5025530101,2876191444,50255301
2545581505,140107201,2876206211,1401072
510703,5107030203,2876212254,51070302
2083379802,5705240101,2876225252,570502401
2083379801,5705230103,2877234248,570502301
2083379802,5705240201,2876248254,570502402
2083379802,5705240102,2877210447,570502401
92591861,925918610201,2876211527,9259186102
2203541451,57060020213,2877195636,570600202
2203541451,57060020215,2877170062,570600202
2843786501,5403001101,2877269151,540300101
1980349051,137000201,2877294287,1370002
6020010,60200100201,2876231891,602001002
2203541451,57060020212,2877426088,570600202
59990030,59990030102,2877191899,599900301
520211,5202110203,2877176386,52021102
2083379802,5705240203,2877247683,570502402
591000200,5910002000103,2877160068,59100020001
1473879155,125300103,2877230260,1253001
2083379801,5705230203,2877244620,570502302
520202,5202020202,2877247659,52020202
2203541451,57060020112,2877412713,570600201
59990010,59990010204,2877173823,599900102
2435797502,17030020101,2876190772,170300201
1620431251,171001101,2876196604,1710011
59990010,59990010103,2877197206,599900101
5025510,5025510101,2876184862,50255101
5025530,5025530201,2876194842,50255302
2083379801,5705230202,2877218446,570502302
59990010,59990010104,2877168058,599900101
59990010,59990010202,2877454116,599900102
2203541451,57060020114,2877507509,570600201
521301,5213010101,2876202338,52130101
2083379802,5705240102,2877210408,570502401
1473879155,125300104,2877169357,1253001
1974833501,57050210201,2876209353,570502102
10020012,10020012212,2877192697,100200122
2203541451,57060020116,2876188383,570600201
2076567803,136003201,2877301223,1360032
59990010,59990010104,2877167347,599900101
2083379802,5705240101,2876223940,570502401
2146245651,142001102,2877231233,1420011
1473879152,125101203,2877228212,1251012
6020010,60200100101,2876219572,602001001
2083379801,5705230201,2876237473,570502302
59990010,59990010102,2877444925,599900101
2070902403,142700201,2876202319,1427002
2076567801,136001101,2877294274,1360011
2083379802,5705240201,2876246730,570502402
59990010,59990010101,2877291160,599900101
10020011,10020011111,2876197447,100200111
501101,5011010102,2877201475,50110101
59990010,59990010205,2876208363,599900102
2203541451,57060020215,2877170054,570600202
2083379802,5705240104,2877178817,570502401
59990010,59990010102,2877444916,599900101
2203541451,57060020112,2877411950,570600201
2083379802,5705240101,2876225292,570502401
2083379801,5705230203,2877244624,570502302
2203541451,57060020113,2877186856,570600201
520202,5202020202,2877247666,52020202
1620431260,152202201,2876198598,1522022
59990010,59990010201,2877299331,599900102
2083379802,5705240201,2876246718,570502402
2203541451,57060020112,2877412709,570600201
510711,5107110101,2877567871,51071101
2203541451,57060020114,2877507510,570600201
5025530,5025530103,2877223140,50255301
2083379802,5705240204,2877188590,570502402
1620431262,152502203,2877168925,1525022
1473879151,125000202,2877199567,1250002
2203541451,57060020116,2876189708,570600201
2083379801,5705230202,2877218439,570502302
510799,5107990101,2876189734,51079901
2083379801,5705230204,2877185073,570502302
520202,5202020104,2876213221,52020201
2083379802,5705240204,2877188583,570502402
2545581503,140104102,2877230647,1401041
2703103907,134200101,2876192850,1342001
1620431257,152000203,2877168937,1520002
2083379802,5705240104,2877178807,570502401
2083379802,5705240101,2876225283,570502401
1473879156,125501104,2877166916,1255011
59990010,59990010105,2876200358,599900101
2844734851,5227010101,2876187571,522700101
2096814851,141601201,2876194824,1416012
1473879156,125501102,2877194826,1255011
2843786501,5403001103,2877209245,540300101
10020011,10020011213,2877170097,100200112
1473879154,125200201,2876196149,1252002
2203541451,57060020111,2877271434,570600201
2100452957,148501101,2876197442,1485011
520251,5202510102,2877205378,52025101
520202,5202020204,2876227944,52020202
5105120,51051200101,2876185861,510512001
510703,5107030201,2877180550,51070302
2100452959,148600203,2877169361,1486002
10020012,10020012112,2877192668,100200121
9259281,92592810101,2876211538,9259281001
59990010,59990010101,2877291200,599900101
510703,5107030101,2877177813,51070301
2004504755,57050401204,2877171724,570504012
2083379804,57050239202,2877204322,570502392
2083379802,5705240101,2876223947,570502401
2083379801,5705230103,2877235915,570502301
2865013652,19190020101,2876191423,191900201
2100452961,148801101,2876202948,1488011
2203541451,57060020115,2877165467,570600201
59990010,59990010202,2877454128,599900102
1620431265,152700201,2876199122,1527002
1620431256,171800102,2877199586,1718001
520202,5202020204,2876227946,52020202
1473879156,125501104,2877166919,1255011
2083379802,5705240201,2876246711,570502402
520251,5202510101,2876210813,52025101
503101,5031010101,2876206245,50310101
2435797501,17030010101,2876187593,170300101
2083379802,5705240204,2877188580,570502402
5025530,5025530203,2877227067,50255302
1620431263,152601203,2877168943,1526012
520251,5202510102,2877205376,52025101
2146245651,142001101,2876206601,1420011
1473879156,125501103,2877228954,1255011
59990030,59990030101,2876192263,599900301
5025530,5025530103,2877224314,50255301
59990010,59990010105,2876200351,599900101
1473879151,125000103,2877228995,1250001
2100452954,148102101,2876197426,1481021
1980349052,137101101,2876201629,1371011
520202,5202020102,2877238896,52020201
1473879156,125501203,2877229450,1255012
522101,5221010105,2876206620,52210101
5025530,5025530103,2877223142,50255301
2083379802,5705240201,2876245239,570502402
59990010,59990010103,2877197219,599900101
1473879155,125300201,2876200840,1253002
1620431257,152000102,2877198708,1520001
2083379802,5705240203,2877247692,570502402
59990010,59990010101,2877290495,599900101
520212,5202120101,2876210810,52021201
6020010,60200100201,2876232732,602001002
520202,5202020201,2877189997,52020202
520202,5202020203,2877224317,52020202
59990010,59990010102,2877444045,599900101
2203541451,57060020114,2877507502,570600201
59990010,59990010204,2877173833,599900102
2083379802,5705240203,2877248907,570502402
59990010,59990010103,2877197234,599900101
10020011,10020011111,2876197957,100200111
2203541451,57060020111,2877271441,570600201
2435797503,17030030101,2876190767,170300301
6020010,60200100201,2876232742,602001002
59990010,59990010201,2877299324,599900102
5907010,5907010201,2875795344,59070102
59990010,59990010202,2877454104,599900102
59990010,59990010202,2877453296,599900102
59990010,59990010102,2877444921,599900101
2083379801,5705230104,2877180534,570502301
2545581504,140106102,2877230649,1401061
2083379801,5705230201,2876236142,570502302
2083379802,5705240103,2877237631,570502401
2203541451,57060020211,2877281484,570600202
2083379801,5705230104,2877180528,570502301
2083379802,5705240203,2877247691,570502402
2076567803,136003201,2877301222,1360032
59990010,59990010101,2877291197,599900101
2111014952,142003101,2876206224,1420031
1473879154,125200202,2877193800,1252002
59990030,59990030103,2877163394,599900301
520202,5202020204,2876228952,52020202
59990010,59990010205,2876207406,599900102
2083379802,5705240201,2876246703,570502402
1473879151,125000201,2876200806,1250002
1620431257,152000101,2876197422,1520001
2203541451,57060020212,2877427412,570600202
2096816351,141602201,2877198706,1416021
2203541451,57060020211,2877280281,570600202
2203541451,57060020212,2877426079,570600202
590600200,5906002000201,2876189727,59060020002
510703,5107030202,2877237610,51070302
2203541451,57060020116,2876188378,570600201
2551505855,140501204,2877217480,1405012
521001,5210010201,2876202348,52100102
2083379801,5705230102,2877209213,570502301
59990010,59990010102,2877445892,599900101
59990030,59990030101,2876192811,599900301
2203541451,57060020113,2877188585,570600201
2203541451,57060020213,2877195609,570600202
5025530,5025530201,2876194844,50255302
59990010,59990010202,2877454129,599900102
59990010,59990010201,2877298397,599900102
2203541451,57060020111,2877269723,570600201
520202,5202020101,2877182902,52020201
503101,5031010101,2876206246,50310101
520202,5202020202,2877246542,52020202
59990010,59990010203,2877203032,599900102
2004504753,57050360201,2876203534,570503602
520202,5202020203,2877223131,52020202
1620431261,152501203,2877168910,1525012
2703103902,134002204,2877162166,1340022
5101010,51010100201,2876184872,510101002
6020010,60200100101,2876219594,602001001
2083379801,5705230102,2877209203,570502301
2083379801,5705230101,2876216978,570502301
2439533002,17030080101,2876189743,170300801
510713,5107130101,2875795345,51071301
2004504755,57050401101,2876202305,570504011
2203541451,57060020213,2877195618,570600202
590502,5905020201,2876206209,59050202
59990010,59990010104,2877167314,599900101
2083379802,5705240103,2877237632,570502401
2435797502,17030020202,2877186899,170300202
2083379805,57050249104,2877524791,570502491
2703103901,134001101,2877285118,1340011
1980349059,137501201,2876203526,1375012
1473879154,125200201,2876196602,1252002
59990010,59990010205,2876208370,599900102
2203541451,57060020112,2877412704,570600201
2203541451,57060020215,2877170066,570600202
2083379802,5705240202,2877224337,570502402
10020011,10020011112,2877198000,100200111
2203541451,57060020215,2877169387,570600202
59990010,59990010202,2877453293,599900102
1980349061,137600101,2876201632,1376001
1473879158,125800101,2877287844,1258001
1473879151,125000103,2877228987,1250001
2203541451,57060020114,2877507508,570600201
1473879154,125200103,2877227085,1252001
520202,5202020203,2877223115,52020202
1473879157,125502201,2876196624,1255022
2083379801,5705230201,2876237483,570502302
2083379802,5705240204,2877186891,570502402
1473879156,125501101,2876196645,1255011
2083379802,5705240101,2876225266,570502401
2083379801,5705230102,2877209219,570502301
2083379801,5705230204,2877185079,570502302
5025530,5025530203,2877227053,50255302
520252,5202520102,2877206420,52025201
59990010,59990010202,2877454122,599900102
2083379802,5705240101,2876223944,570502401
2083379801,5705230103,2877235910,570502301
1473879152,125101201,2876196609,1251012
59990010,59990010202,2877454111,599900102
59990010,59990010202,2877453297,599900102
1620431257,152000103,2877166949,1520001
2083379801,5705230201,2876239104,570502302
520202,5202020204,2876227937,52020202
59990010,59990010205,2876207415,599900102
520202,5202020101,2877182907,52020201
510701,5107010202,2877204344,51070102
2083379801,5705230101,2876216975,570502301
520202,5202020203,2877223103,52020202
59990010,59990010104,2877168063,599900101
59990010,59990010102,2877445877,599900101
2203541451,57060020213,2877194849,570600202
2083379801,5705230201,2876236135,570502302
59990030,59990030102,2877191895,599900301
2203541451,57060020111,2877269735,570600201
590604,5906040201,2876189742,59060402
510703,5107030101,2877176399,51070301
2042522752,141002101,2876202302,1410021
2203541451,57060020213,2877195607,570600202
2843786501,5403001202,2877182938,540300102
6020010,60200100101,2876218561,602001001
501101,5011010101,2876202925,50110101
1473879153,125102101,2876194826,1251021
1473879152,125101201,2876196613,1251012
59990010,59990010205,2876208353,599900102
2004504755,57050401203,2877230645,570504012
2083379802,5705240101,2876225251,570502401
520251,5202510102,2877205377,52025101
2158856401,142600101,2876206633,1426001
1473879155,125300103,2877230261,1253001
1620431253,171500204,2877165500,1715002
1974833501,57050210101,2876204820,570502101
2203541451,57060020114,2877507519,570600201
1473879156,125501202,2877197958,1255012
1974833501,57050210101,2876204818,570502101
2843786501,5403001102,2877182062,540300101
10020011,10020011112,2877198702,100200111
59990010,59990010101,2877290489,599900101
510703,5107030202,2877237621,51070302
5025530,5025530202,2877193767,50255302
2083379801,5705230201,2876239141,570502302
520202,5202020102,2877238895,52020201
2083379801,5705230204,2877185056,570502302
520202,5202020102,2877240222,52020201
2083379802,5705240201,2876243966,570502402
2435797501,17030010201,2876190790,170300102
2435797501,17030010201,2876190789,170300102
9259281,92592810201,2876211545,9259281002
5025530,5025530103,2877224316,50255301
2435797501,17030010103,2877217490,170300101
92591851,925918510202,2877206423,9259185102
5105120,51051200201,2876186682,510512002
520202,5202020101,2877182086,52020201
580103,5801030201,2877459406,
2083379802,5705240201,2876245203,570502402
59990010,59990010205,2876206646,599900102
1620431263,152601202,2877199561,1526012
2203541451,57060020213,2877194844,570600202
2438296402,17030061102,2877183869,170300611
520202,5202020104,2876214206,52020201
2083379802,5705240101,2876222275,570502401
2551505854,140303101,2876206218,1403031
1473879155,125300101,2876199137,1253001
591000400,5910004000201,2876186677,59100040002
1974833502,57050381102,2877296991,570503811
5025530,5025530101,2876191449,50255301
59990010,59990010205,2876207402,599900102
2083379802,5705240102,2877212001,570502401
2083379801,5705230101,2876220769,570502301
2844734851,5227010101,2876187567,522700101
2083379801,5705230103,2877235925,570502301
2703103902,134002102,2877192688,1340021
5025530,5025530104,2877162183,50255301
6020010,60200100101,2876218595,602001001
510703,5107030102,2877234216,51070301
2146245652,142002101,2876209378,1420021
1620431261,152501102,2877199553,1525011
520202,5202020203,2877223123,52020202
2203541451,57060020113,2877188591,570600201
2203541451,57060020212,2877427410,570600202
2083379802,5705240204,2877185096,570502402
2843786501,5403001101,2876185888,540300101
510201,5102010201,2876204849,51020102
2083379802,5705240202,2877225553,570502402
6020010,60200100101,2876219554,602001001
59990010,59990010102,2877444912,599900101
59990010,59990010201,2877300362,599900102
2203541451,57060020216,2876193485,570600202
520202,5202020102,2877240221,52020201
1620431258,152100203,2877166927,1521002
520202,5202020201,2877191079,52020202
1620431261,152501202,2877199558,1525012
590512,5905120201,2876196131,59051202
6020010,60200100201,2876232745,602001002
2545581501,140001203,2877230641,1400012
2203541451,57060020114,2877507527,570600201
59990010,59990010101,2877291174,599900101
1620431257,152000102,2877198714,1520001
520202,5202020204,2876227942,52020202
59990030,59990030102,2877192660,599900301
2203541451,57060020112,2877411947,570600201
2083379801,5705230202,2877218444,570502302
59990010,59990010101,2877291903,599900101
1974833501,57050210104,2877172469,570502101
2083379801,5705230104,2877180530,570502301
2203541451,57060020114,2877507533,570600201
520211,5202110102,2877205381,52021101
2070902402,142400101,2876200819,1424001
1473879151,125000101,2876197992,1250001
1980349053,137102201,2877295085,1371022
1620431266,152800102,2877230267,1528001
59990010,59990010105,2876199607,599900101
2203541451,57060020115,2877165464,570600201
5025530,5025530103,2877224309,50255301
2083379801,5705230202,2877218417,570502302
2083379802,5705240104,2877178814,570502401
1473879154,125200204,2877165492,1252002
59990010,59990010105,2876199642,599900101
520202,5202020103,2877214201,52020201
5105120,51051200101,2876185857,510512001
1980349051,137000101,2877293548,1370001
59990030,59990030101,2876192269,599900301
1473879155,125300103,2877230258,1253001
59990010,59990010104,2877167339,599900101
2083379804,57050239102,2877203024,570502391
59990010,59990010104,2877167331,599900101
59990010,59990010101,2877291188,599900101
2843786501,5403001201,2877269191,540300102
2203541451,57060020111,2877271429,570600201
520211,5202110102,2877205380,52021101
59990010,59990010204,2877174658,599900102
2100452958,148502201,2876197444,1485022
2004504753,57050360101,2876203504,570503601
520202,5202020103,2877213176,52020201
2863103351,1713001202,2877217477,171300102
2083379802,5705240201,2876245220,570502402
510703,5107030103,2876210849,51070301
2083379801,5705230102,2877209205,570502301
2703103901,134001201,2877286085,1340012
59990010,59990010103,2877197243,599900101
2083379802,5705240102,2877210444,570502401
1473879151,125000101,2876197978,1250001
2203541451,57060020215,2877170078,570600202
2203541451,57060020213,2877195629,570600202
2083379801,5705230101,2876219584,570502301
1974833501,57050210201,2876208394,570502102
1620431251,171001203,2877166906,1710012
59990040,59990040101,2876192267,599900401
2203541451,57060020113,2877186876,570600201
10020012,10020012213,2877164205,100200122
2076567804,136200201,2876201640,1362002
520202,5202020104,2876214203,52020201
2083379801,5705230102,2877209224,570502301
2083379802,5705240202,2877225585,570502402
1473879156,125501101,2876196640,1255011
520202,5202020201,2877191068,52020202
520252,5202520101,2876211518,52025201
59990010,59990010202,2877453262,599900102
510703,5107030203,2876212272,51070302
1974833501,57050210103,2877232072,570502101
520202,5202020203,2877223129,52020202
510703,5107030103,2876210843,51070301
2083379801,5705230204,2877183898,570502302
2203541451,57060020116,2876188374,570600201
2083379802,5705240204,2877188560,570502402
1974833501,57050210201,2876209374,570502102
520202,5202020104,2876213246,52020201
520202,5202020202,2877246536,52020202
1974833501,57050210101,2876203540,570502101
2083379802,5705240102,2877212012,570502401
2004504755,57050401203,2877230644,570504012
2083379802,5705240104,2877177846,570502401
2083379802,5705240101,2876222299,570502401
2083379802,5705240204,2877188563,570502402
59990010,59990010105,2876199635,599900101
2703103901,134001101,2877285120,1340011
6020010,60200100101,2876218557,602001001
2083379801,5705230202,2877218436,570502302
5025530,5025530104,2877162181,50255301
520202,5202020103,2877214209,52020201
510714,5107140101,2876209370,51071401
59990010,59990010205,2876207418,599900102
520211,5202110103,2877175681,52021101
2203541451,57060020111,2877269732,570600201
59990010,59990010204,2877173831,599900102
2083379801,5705230202,2877220043,570502302
1620431257,152000101,2876197412,1520001
520202,5202020204,2876227904,52020202
2203541451,57060020115,2877165471,570600201
59990010,59990010205,2876207436,599900102
59990010,59990010103,2877197210,599900101
2203541451,57060020215,2877170051,570600202
1980349054,137201102,2877346394,1372011
2111014952,142003201,2876206234,1420032
2083379801,5705230101,2876220782,570502301
5105120,51051200201,2876186683,510512002
2843786501,5403001203,2877214229,540300102
2435797501,17030010103,2877217483,170300101
2083379801,5705230103,2877235912,570502301
2083379801,5705230103,2877235918,570502301
1620431253,171500202,2877437549,1715002
6020010,60200100201,2876233102,602001002
2083379802,5705240201,2876245204,570502402
2203541451,57060020112,2877412744,570600201
2083379802,5705240201,2876243957,570502402
520202,5202020102,2877240217,52020201
1980349052,137101202,2877200670,1371012
2843786501,5403001101,2876185897,540300101
1473879153,125102102,2877193780,1251021
2203541451,57060020214,2877514213,570600202
2083379801,5705230204,2877186863,570502302
59990010,59990010105,2876199637,599900101
2083379802,5705240203,2877248917,570502402
2844734851,5227010201,2876189721,522700102
1473879151,125000201,2876200802,1250002
10020011,10020011213,2877171704,100200112
1473879156,125501203,2877229441,1255012
520202,5202020103,2877213196,52020201
2083379801,5705230201,2876236128,570502302
2083379801,5705230201,2876239119,570502302
2083379802,5705240204,2877186883,570502402
1473879156,125501204,2877167309,1255012
2083379801,5705230201,2876237493,570502302
2203541451,57060020213,2877195640,570600202
2111014955,148200101,2876206231,1482001
2083379801,5705230104,2877180520,570502301
59990010,59990010202,2877453255,599900102
5025530,5025530203,2877227060,50255302
510703,5107030103,2876211510,51070301
520202,5202020103,2877213199,52020201
510703,5107030201,2877182057,51070302
2865013651,19190010201,2876192841,191900102
2083379801,5705230203,2877244632,570502302
520202,5202020101,2877182092,52020201
59990010,59990010101,2877291904,599900101
2865013652,19190020201,2876192259,191900202
2004504751,57050300201,2876202310,570503002
1473879152,125101204,2877162199,1251012
1974833501,57050210201,2876209365,570502102
59990010,59990010103,2877197222,599900101
2435797501,17030010101,2876187586,170300101
2083379802,5705240101,2876222297,570502401
1620431257,152000103,2877167301,1520001
2203541451,57060020215,2877170085,570600202
59990010,59990010102,2877445865,599900101
59990010,59990010202,2877453263,599900102
591000302,5910003020102,2877182949,59100030201
2203541451,57060020212,2877427413,570600202
500301,5003010101,2876208385,50030101
2083379802,5705240102,2877210405,570502401
501101,5011010201,2876203513,50110102
59990010,59990010205,2876207416,599900102
59990010,59990010201,2877300360,599900102
2203541451,57060020214,2877512884,570600202
520202,5202020104,2876213243,52020201
2203541451,57060020215,2877170073,570600202
2083379802,5705240204,2877188600,570502402
1620431261,152501201,2876199104,1525012
500301,5003010201,2876209400,50030102
1620431254,171600201,2876201625,1716002
2083379801,5705230201,2876236141,570502302
1974833501,57050210101,2876204807,570502101
2083379801,5705230101,2876218593,570502301
2435797502,17030020102,2877185100,170300201
2083379802,5705240101,2876222279,570502401
1620431257,152000202,2877199599,1520002
59990010,59990010105,2876199630,599900101
2083379801,5705230101,2876222262,570502301
521301,5213010201,2876202904,52130102
510703,5107030203,2876212274,51070302
2111014953,142200201,2877353233,1422002
1620431258,152100103,2877166908,1521001
591000302,5910003020203,2877161067,59100030202
2083379801,5705230104,2877178822,570502301
1473879154,125200101,2876196121,1252001
2203541451,57060020212,2877426071,570600202
2083379802,5705240101,2876222273,570502401
2100452963,148900201,2876202945,1489002
59990010,59990010201,2877300364,599900102
510703,5107030103,2876210839,51070301
2203541451,57060020214,2877512895,570600202
2203541451,57060020215,2877170083,570600202
520202,5202020204,2876228961,52020202
2083379802,5705240101,2876225276,570502401
1473879151,125000102,2877197967,1250001
591000200,5910002000202,2877182944,59100020002
2703103902,134002102,2877192686,1340021
5101010,51010100201,2876184873,510101002
2203541451,57060020211,2877281476,570600202
2083379802,5705240202,2877224320,570502402
2083379802,5705240103,2877238856,570502401
520251,5202510202,2877205400,52025102
2203541451,57060020111,2877271422,570600201
510703,5107030203,2876212264,51070302
59990030,59990030102,2877191900,599900301
1473879151,125000102,2877197966,1250001
1473879151,125000101,2876197974,1250001
2545581504,140106202,2877231202,1401062
2203541451,57060020115,2877165452,570600201
520202,5202020201,2877188587,52020202
10020012,10020012112,2877192670,100200121
2083379802,5705240102,2877210446,570502401
2042522753,141100203,2877171713,1411002
2083379805,57050249104,2877524778,570502491
59990010,59990010101,2877291181,599900101
1974833501,57050210101,2876203541,570502101
2083379801,5705230101,2876222261,570502301
1473879152,125101202,2877193792,1251012
2551505853,140302201,2876206237,1403022
2083379802,5705240201,2876243959,570502402
1974833501,57050210101,2876204826,570502101
2864046102,19180021101,2876190754,191800211
2083379802,5705240101,2876222285,570502401
2042522752,141002202,2877201456,1410022
1974833501,57050210104,2877172490,570502101
2042522753,141100102,2877230620,1411001
2076567803,136003201,2877301224,1360032
1620431263,152601101,2876199108,1526011
2100452952,148002202,2877199849,1480022
1620431257,152000203,2877168926,1520002
59990040,59990040101,2876192287,599900401
59990010,59990010105,2876199647,599900101
59990010,59990010202,2877451647,599900102
2083379802,5705240201,2876243960,570502402
1473879151,125000204,2877168917,1250002
1620431252,171002101,2876196105,1710021
2203541451,57060020212,2877427405,570600202
520202,5202020101,2877182078,52020201
59990010,59990010202,2877453276,599900102
2203541451,57060020213,2877195617,570600202
59990010,59990010201,2877299340,599900102
1473879156,125501204,2877167322,1255012
1473879155,125300101,2876199140,1253001
59990010,59990010205,2876207434,599900102
1473879157,125502202,2877194817,1255022
2083379804,57050239203,2877232066,570502392
1980349061,137600101,2876201634,1376001
1974833501,57050210102,2877204301,570502101
510703,5107030101,2877177810,51070301
591000302,5910003020203,2877161065,59100030202
2083379802,5705240103,2877238859,570502401
591000101,5910001010101,2876184893,59100010101
2203541451,57060020213,2877195620,570600202
2203541451,57060020216,2876193477,570600202
520202,5202020201,2877191081,52020202
520202,5202020203,2877223107,52020202
59990010,59990010204,2877174651,599900102
2203541451,57060020212,2877427415,570600202
1974833501,57050210101,2876204825,570502101
2083379802,5705240202,2877225570,570502402
5025530,5025530202,2877193763,50255302
2203541451,57060020111,2877269747,570600201
1473879158,125800101,2877287847,1258001
6020010,60200100201,2876232713,602001002
591000302,5910003020201,2876186667,59100030202
520202,5202020101,2877182099,52020201
2083379802,5705240101,2876223917,570502401
2083379801,5705230201,2876239110,570502302
2203541451,57060020113,2877185074,570600201
520202,5202020104,2876213250,52020201
2435797501,17030010203,2877218407,170300102
2083379801,5705230102,2877209214,570502301
2083379801,5705230203,2877244618,570502302
520202,5202020202,2877247667,52020202
510703,5107030203,2876212255,51070302
59990010,59990010105,2876200360,599900101
501101,5011010201,2876203514,50110102
2083379801,5705230101,2876220763,570502301
590601,5906010101,2876202911,59060101
2203541451,57060020212,2877426095,570600202
510703,5107030203,2876212278,51070302
59990040,59990040101,2876192281,599900401
6020010,60200100201,2876233111,602001002
59990040,59990040101,2876192278,599900401
1974833501,57050210104,2877172473,570502101
520202,5202020103,2877213197,52020201
591000501,5910005010102,2877183854,59100050101
2083379801,5705230203,2877244647,570502302
1473879151,125000102,2877197974,1250001
59990010,59990010201,2877299312,599900102
59990040,59990040101,2876192280,599900401
2076567808,136502103,2877201489,1365021
2004504755,57050401202,2877201457,570504012
2844734851,5227010201,2876189716,522700102
510703,5107030203,2876212256,51070302
1620431262,152502201,2876198600,1525022
510703,5107030202,2877237613,51070302
501104,5011040201,2876211515,50110402
2083379801,5705230104,2877178812,570502301
2070902403,142700101,2876202318,1427001
59990030,59990030102,2877192653,599900301
59990010,59990010201,2877299328,599900102
1473879153,125102204,2877164250,1251022
59990030,59990030103,2877163376,599900301
10020012,10020012213,2877164212,100200122
520202,5202020104,2876214202,52020201
510703,5107030201,2877182051,51070302
521302,5213020103,2877171741,52130201
2083379801,5705230201,2876239112,570502302
2203541451,57060020113,2877185072,570600201
522101,5221010105,2876206615,52210101
1620431258,152100202,2877195645,1521002
59990010,59990010105,2876200354,599900101
2203541451,57060020211,2877280270,570600202
2203541451,57060020115,2877164240,570600201
2435797501,17030010201,2876190776,170300102
2083379802,5705240201,2876245244,570502402
1620431258,152100203,2877166931,1521002
2864046103,19180022101,2876190769,191800221
59990010,59990010104,2877167349,599900101
500301,5003010102,2877205351,50030101
2203541451,57060020212,2877427417,570600202
59990010,59990010203,2877203023,599900102
2203541451,57060020114,2877507515,570600201
1473879155,125300202,2877200689,1253002
2865013651,19190010102,2877191883,191900101
59990010,59990010101,2877291163,599900101
1473879151,125000203,2877230269,1250002
2703103903,134003101,2877285136,1340031
1473879155,125300101,2876199139,1253001
59990010,59990010201,2877298398,599900102
2203541451,57060020113,2877185066,570600201
1473879151,125000202,2877199566,1250002
1473879152,125101103,2877227074,1251011
10020011,10020011111,2876197971,100200111
590600200,5906002000201,2876189730,59060020002
59990010,59990010105,2876200374,599900101
2083379802,5705240104,2877178816,570502401
2083379802,5705240201,2876243953,570502402
1473879154,125200201,2876196601,1252002
510708,5107080102,2877205361,
2551505856,140502101,2877279587,1405021
2083379802,5705240101,2876226858,570502401
2083379802,5705240202,2877223130,570502402
59990010,59990010102,2877445891,599900101
2083379801,5705230201,2876236145,570502302
590511,5905110201,2876196138,59051102
2865013652,19190020201,2876192256,191900202
1620431257,152000203,2877168931,1520002
59990040,59990040101,2876192812,599900401
2203541451,57060020116,2876189710,570600201
520202,5202020101,2877182910,52020201
1974833501,57050210104,2877172492,570502101
2439533003,17030090101,2876190751,170300901
2083379801,5705230102,2877209223,570502301
59990010,59990010105,2876199631,599900101
59990010,59990010204,2877173828,599900102
510703,5107030202,2877237626,51070302
591000101,5910001010101,2876184892,59100010101
1974833501,57050210101,2876203549,570502101
1473879158,125800201,2877288591,1258002
2111014955,148200203,2877173803,1482002
520202,5202020201,2877189965,52020202
2076567802,136002202,2877201465,1360022
92591861,925918610101,2876211523,9259186101
6020010,60200100201,2876232746,602001002
591000302,5910003020102,2877182948,59100030201
6020010,60200100101,2876216995,602001001
2083379802,5705240102,2877212019,570502401
92591851,925918510101,2876211525,9259185101
1473879158,125800101,2877287846,1258001
2083379802,5705240203,2877247685,570502402
2100452963,148900101,2876202932,1489001
1620431256,171800201,2876199131,1718002
520202,5202020204,2876227901,52020202
520202,5202020201,2877191090,52020202
2083379801,5705230101,2876219592,570502301
520202,5202020202,2877246532,52020202
59990030,59990030103,2877163390,599900301
2083379801,5705230204,2877185071,570502302
510701,5107010101,2876207405,51070101
59990010,59990010104,2877167317,599900101
591000501,5910005010201,2876186691,59100050102
2703103911,134500102,2876193481,1345001
1473879156,125501203,2877230253,1255012
2083379801,5705230202,2877220015,570502302
520211,5202110103,2877175683,52021101
2083379802,5705240201,2876243958,570502402
2076567803,136003201,2877301221,1360032
2083379801,5705230202,2877218440,570502302
2004504756,57050402201,2876201631,570504022
501101,5011010202,2877201497,50110102
2203541451,57060020113,2877185094,570600201
1974833501,57050210203,2877234218,570502102
2083379802,5705240202,2877225573,570502402
1473879154,125200201,2876196146,1252002
520252,5202520101,2876211521,52025201
59990010,59990010203,2877202137,599900102
2863103351,1713001103,2877161054,171300101
1473879156,125501102,2877194831,1255011
510703,5107030203,2876212269,51070302
2203541451,57060020115,2877165487,570600201
1473879151,125000201,2876200807,1250002
1974833501,57050210202,2877206406,570502102
59990010,59990010105,2876200367,599900101
1473879156,125501202,2877197963,1255012
2083379804,57050239202,2877204318,570502392
1620431259,152201101,2876198551,1522011
520202,5202020104,2876213242,52020201
2203541451,57060020215,2877170055,570600202
2070902402,142400103,2877169378,1424001
591000501,5910005010102,2877183851,59100050101
10020012,10020012112,2877192671,100200121
2083379802,5705240204,2877188558,570502402
521302,5213020201,2876204811,52130202
1620431260,152202102,2877198723,1522021
59990010,59990010102,2877444906,599900101
59990010,59990010201,2877300359,599900102
2203541451,57060020115,2877165482,570600201
2083379801,5705230104,2877177847,570502301
2083379802,5705240201,2876245212,570502402
2203541451,57060020113,2877186894,570600201
520202,5202020102,2877240203,52020201
520202,5202020204,2876227932,52020202
501101,5011010102,2877201480,50110101
2083379801,5705230201,2876237489,570502302
2083379802,5705240101,2876222298,570502401
1974833501,57050210201,2876209360,570502102
59990030,59990030101,2876192276,599900301
59990010,59990010102,2877444940,599900101
59990010,59990010101,2877291177,599900101
59990010,59990010103,2877197248,599900101
520202,5202020204,2876228957,52020202
520212,5202120201,2876210833,52021202
1620431253,171500104,2877165485,1715001
6020010,60200100201,2876232703,602001002
5105140,51051400101,2876185851,510514001
2843786501,5403001103,2877209238,540300101
1620431258,152100202,2877195646,1521002
520252,5202520102,2877206418,52025201
1473879151,125000103,2877228989,1250001
2843786501,5403001103,2877209248,540300101
2203541451,57060020216,2876194812,570600202
5025530,5025530104,2877162193,50255301
2083379802,5705240101,2876226854,570502401
10020011,10020011111,2876197445,100200111
59990010,59990010101,2877291161,599900101
2083379802,5705240102,2877210416,570502401
2203541451,57060020112,2877412712,570600201
2203541451,57060020214,2877512880,570600202
1980349051,137000205,2877170086,1370002
2083379802,5705240201,2876243993,570502402
1620431256,171800204,2877169351,1718002
520202,5202020202,2877246550,52020202
520202,5202020104,2876213214,52020201
2083379802,5705240201,2876246727,570502402
2076567801,136001201,2877295073,1360012
59990010,59990010102,2877444929,599900101
2070902401,142100202,2877230616,1421002
2203541451,57060020111,2877269718,570600201
59990010,59990010201,2877298393,599900102
1473879151,125000201,2876200387,1250002
2083379802,5705240201,2876243967,570502402
5025530,5025530101,2876191438,50255301
10020011,10020011211,2876200821,100200112
2083379802,5705240201,2876246713,570502402
2203541451,57060020114,2877507517,570600201
1473879157,125502202,2877194818,1255022
520202,5202020103,2877213183,52020201
5025530,5025530102,2877191871,50255301
1620431259,152201101,2876198552,1522011
1620431253,171500203,2877194809,1715002
6020010,60200100101,2876220764,602001001
59990010,59990010104,2877168065,599900101
1473879156,125501101,2876196647,1255011
2203541451,57060020216,2876194801,570600202
2203541451,57060020114,2877507543,570600201
2435797501,17030010203,2877218401,170300102
59990010,59990010105,2876199628,599900101
10020012,10020012211,2876193470,100200122
10020011,10020011111,2876197955,100200111
2083379801,5705230102,2877207615,570502301
59990010,59990010105,2876199621,599900101
1473879156,125501201,2876198575,1255012
501101,5011010101,2876202929,50110101
2083379801,5705230102,2877207639,570502301
2083379801,5705230102,2877209204,570502301
1473879155,125300102,2877199818,1253001
2100452952,148002103,2877169366,1480021
1620431261,152501101,2876198594,1525011
10020012,10020012211,2876193464,100200122
2083379801,5705230201,2876239150,570502302
501102,5011020201,2876202336,50110202
2843786501,5403001103,2877209233,540300101
59990010,59990010102,2877444047,599900101
59990010,59990010204,2877174657,599900102
2083379801,5705230201,2876236136,570502302
2083379801,5705230203,2877244616,570502302
2551505852,140301201,2876206229,1403012
1473879151,125000202,2877199570,1250002
2083379802,5705240102,2877210445,570502401
2076567801,136001101,2877294275,1360011
1473879151,125000201,2876200394,1250002
521302,5213020102,2877201485,52130201
2203541451,57060020113,2877188578,570600201
2100452959,148600103,2877169358,1486001
2083379802,5705240201,2876246733,570502402
2438296401,17030050102,2877183864,170300501
1620431254,171600103,2877230609,1716001
2435797501,17030010103,2877217491,170300101
10020011,10020011213,2877170095,100200112
521302,5213020203,2877172462,52130202
2703103901,134001201,2877286088,1340012
1620431253,171500202,2877437547,1715002
59990010,59990010105,2876199617,599900101
591000302,5910003020103,2877160083,59100030201
2203541451,57060020216,2876193500,570600202
520202,5202020104,2876213231,52020201
59990010,59990010203,2877202131,599900102
520202,5202020101,2877182914,52020201
520202,5202020104,2876214208,52020201
1620431259,152201202,2877198727,1522012
1473879151,125000201,2876200390,1250002
59990010,59990010101,2877290498,599900101
2004504755,57050401201,2876202327,570504012
1473879151,125000101,2876197973,1250001
5025510,5025510203,2877207607,50255102
1980349051,137000104,2877230614,1370001
59990010,59990010202,2877454118,599900102
2435797501,17030010101,2876187592,170300101
2843786501,5403001202,2877182932,540300102
59990010,59990010202,2877453290,599900102
2083379802,5705240101,2876225294,570502401
2083379804,57050239101,2877456192,570502391
1620431258,152100102,2877194839,1521001
59990010,59990010102,2877445875,599900101
2203541451,57060020213,2877195613,570600202
2100452952,148002101,2876200377,1480021
2083379802,5705240101,2876225264,570502401
6020010,60200100201,2876232721,602001002
591000101,5910001010201,2876185879,59100010102
522102,5221020101,2877174692,52210201
6020010,60200100201,2876232705,602001002
2083379801,5705230204,2877183895,570502302
1473879151,125000202,2877199579,1250002
520202,5202020203,2877224334,52020202
1620431252,171002103,2877164216,1710021
6020010,60200100201,2876233106,602001002
2703103911,134500202,2876194821,1345002
59990010,59990010205,2876207424,599900102
2203541451,57060020213,2877194845,570600202
520202,5202020204,2876227908,52020202
2083379801,5705230101,2876222257,570502301
591000501,5910005010201,2876186693,59100050102
59990010,59990010105,2876199150,599900101
2843786501,5403001102,2877182069,540300101
501101,5011010101,2876202930,50110101
59990010,59990010202,2877453270,599900102
2703103902,134002103,2877225598,1340021
590423,5904230101,2876202901,59042301
2083379802,5705240103,2877238877,570502401
1620431259,152201101,2876198553,1522011
2843786501,5403001202,2877182939,540300102
59990010,59990010103,2877197221,599900101
2435797501,17030010201,2876190787,170300102
590603,5906030101,2876189741,59060301
2004504751,57050300201,2876202311,570503002
5025530,5025530201,2876194831,50255302
521001,5210010201,2876202349,52100102
2083379801,5705230102,2877209217,570502301
10020011,10020011212,2877199832,100200112
59990010,59990010204,2877173841,599900102
1473879151,125000202,2877199580,1250002
1473879151,125000102,2877197970,1250001
520211,5202110203,2877176384,52021102
590601,5906010201,2876202922,59060102
2111014951,148511102,2877232077,1485111
2864046101,19180010101,2876189749,191800101
520202,5202020201,2877188577,52020202
2083379802,5705240201,2876245233,570502402
2083379802,5705240104,2877178801,570502401
2203541451,57060020213,2877195631,570600202
510703,5107030103,2876211504,51070301
521302,5213020102,2877201486,52130201
2083379802,5705240101,2876222289,570502401
2004504753,57050360101,2876203502,570503601
2083379801,5705230101,2876216969,570502301
2076567802,136002203,2877230636,1360022
1974833502,57050381202,2877300355,570503812
2203541451,57060020212,2877426070,570600202
1620431252,171002202,2877193797,1710022
520202,5202020204,2876228958,52020202
520202,5202020104,2876213227,52020201
2042522751,141001101,2876200815,1410011
59990010,59990010104,2877167315,599900101
1974833502,57050381202,2877299336,570503812
520202,5202020103,2877213172,52020201
6020010,60200100101,2876219556,602001001
10020012,10020012113,2877162179,100200121
2545581501,140001202,2877201469,1400012
2083379802,5705240202,2877225577,570502402
2203541451,57060020216,2876194805,570600202
2083379802,5705240202,2877225555,570502402
2083379803,57050219101,2877183880,570502191
2083379801,5705230202,2877218426,570502302
2083379802,5705240202,2877224306,570502402
2843786501,5403001103,2877209246,540300101
2863103351,1713001101,2876186699,171300101
1473879152,125101101,2876194847,1251011
1473879154,125200203,2877228233,1252002
2203541451,57060020112,2877412723,570600201
2203541451,57060020115,2877164236,570600201
2203541451,57060020113,2877188554,570600201
510762,5107620202,2877200656,51076202
1473879156,125501104,2877166918,1255011
1620431257,152000202,2877199588,1520002
1473879157,125502204,2877166903,1255022
1473879152,125101201,2876196608,1251012
510703,5107030202,2877237617,51070302
2083379801,5705230102,2877209206,570502301
2203541451,57060020216,2876193474,570600202
520202,5202020201,2877188575,52020202
1620431253,171500203,2877194808,1715002
1620431257,152000201,2876198584,1520002
59990010,59990010205,2876208357,599900102
2083379801,5705230204,2877183892,570502302
2083379801,5705230102,2877207619,570502301
2070902401,142100102,2877230611,1421001
59990010,59990010205,2876207409,599900102
2100452957,148501201,2876197963,1485012
2083379802,5705240101,2876223935,570502401
2083379805,57050249203,2876206638,570502492
2004504757,57050410201,2876200818,570504102
2203541451,57060020112,2877412748,570600201
6020010,60200100201,2877198730,602001002
2083379801,5705230202,2877218425,570502302
520202,5202020103,2877213190,52020201
92591861,925918610203,2877177825,9259186102
1974833501,57050210201,2876209369,570502102
59990010,59990010203,2877203035,599900102
520202,5202020201,2877191084,52020202
2203541451,57060020211,2877280267,570600202
2083379801,5705230201,2876239127,570502302
2083379801,5705230204,2877183891,570502302
2843786501,5403001201,2876188365,540300102
510703,5107030101,2877177802,51070301
2203541451,57060020213,2877195605,570600202
59990010,59990010105,2876199611,599900101
520202,5202020102,2877238890,52020201
1974833501,57050210201,2876208392,570502102
2070902401,142100201,2876201627,1421002
1974833501,57050210103,2877232081,570502101
520202,5202020202,2877247652,52020202
591000302,5910003020102,2877182950,59100030201
1473879151,125000101,2876197993,1250001
2083379802,5705240104,2877180527,570502401
59990010,59990010105,2876199625,599900101
1974833501,57050210202,2877205389,570502102
2083379802,5705240104,2877178831,570502401
520202,5202020202,2877246533,52020202
1473879151,125000202,2877199575,1250002
2844734851,5227010201,2876189717,522700102
2083379802,5705240202,2877223136,570502402
2083379801,5705230101,2876216971,570502301
520202,5202020204,2876227943,52020202
2203541451,57060020111,2877271438,570600201
2203541451,57060020214,2877514202,570600202
591000200,5910002000102,2877182929,59100020001
1473879156,125501201,2876198560,1255012
2203541451,57060020115,2877165486,570600201
1473879151,125000203,2877230279,1250002
59990010,59990010101,2877291194,599900101
2083379801,5705230201,2876237461,570502302
2083379805,57050249203,2876206639,570502492
2083379801,5705230203,2877244612,570502302
2004504755,57050401104,2877171717,570504011
2435797501,17030010201,2876190780,170300102
2083379801,5705230201,2876239137,570502302
520202,5202020101,2877182097,52020201
1473879156,125501103,2877228953,1255011
2203541451,57060020212,2877426100,570600202
2203541451,57060020112,2877414651,570600201
59990010,59990010205,2876208362,599900102
2865013651,19190010101,2876191418,191900101
520202,5202020201,2877191055,52020202
1974833501,57050210203,2877234240,570502102
590502,5905020101,2876204844,59050201
520202,5202020103,2877213193,52020201
591000302,5910003020201,2876186665,59100030202
1620431258,152100203,2877166929,1521002
2083379801,5705230203,2877244648,570502302
1473879155,125300202,2877200691,1253002
5025530,5025530103,2877223147,50255301
1620431257,152000201,2876198587,1520002
2083379801,5705230101,2876216980,570502301
92591851,925918510102,2877206421,9259185101
10020011,10020011213,2877171708,100200112
2438296402,17030061101,2876187575,170300611
2083379802,5705240101,2876222287,570502401
1980349051,137000103,2877200666,1370001
1974833501,57050210101,2876204810,570502101
1620431251,171001202,2877194819,1710012
2083379802,5705240204,2877188562,570502402
2843786501,5403001203,2877214224,540300102
520202,5202020104,2876213226,52020201
2864046103,19180022101,2876190770,191800221
2083379801,5705230103,2877234250,570502301
1974833501,57050210202,2877205388,570502102
1473879155,125300201,2876200849,1253002
520202,5202020103,2877213161,52020201
1473879151,125000101,2876197999,1250001
2843786501,5403001202,2877182940,540300102
59990010,59990010205,2876208364,599900102
1473879156,125501204,2877167307,1255012
59990010,59990010102,2877444903,599900101
591000200,5910002000101,2876184885,59100020001
2203541451,57060020113,2877188570,570600201
59990010,59990010204,2877173838,599900102
520202,5202020203,2877223108,52020202
10020012,10020012113,2877162177,100200121
59990010,59990010101,2877291191,599900101
2083379802,5705240103,2877238868,570502401
2083379801,5705230204,2877185090,570502302
2203541451,57060020213,2877195637,570600202
2083379801,5705230201,2876237476,570502302
520251,5202510201,2876211507,52025102
2203541451,57060020214,2877512885,570600202
520202,5202020204,2876228960,52020202
521302,5213020102,2877201479,52130201
1473879153,125102103,2877227063,1251021
10020011,10020011111,2876197951,100200111
2203541451,57060020211,2877280277,570600202
59990010,59990010104,2877167334,599900101
2203541451,57060020114,2877507506,570600201
6020010,60200100101,2876219596,602001001
520202,5202020103,2877213191,52020201
1473879156,125501102,2877194822,1255011
59990010,59990010201,2877299309,599900102
1620431263,152601201,2876199116,1526012
59990010,59990010202,2877454130,599900102
591000501,5910005010202,2877183862,59100050102
1620431266,152800201,2876199149,1528001
510703,5107030103,2876211502,51070301
1473879155,125300202,2877200684,1253002
2083379801,5705230202,2877218430,570502302
2111014955,148200101,2876206232,1482001
2203541451,57060020212,2877427420,570600202
10020011,10020011212,2877199826,100200112
1473879154,125200203,2877228231,1252002
2083379802,5705240101,2876226862,570502401
510703,5107030202,2877237608,51070302
10020012,10020012111,2876191433,100200121
591000101,5910001010201,2876185874,59100010102
2863103351,1713001203,2877161073,171300102
2083379805,57050249202,2877204328,570502492
59990030,59990030102,2877191898,599900301
2083379801,5705230102,2877209221,570502301
1473879156,125501104,2877166923,1255011
2083379801,5705230203,2877244629,570502302
1620431257,152000201,2876198582,1520002
590600200,5906002000201,2876189724,59060020002
2083379802,5705240103,2877238876,570502401
2203541451,57060020215,2877170064,570600202
2004504753,57050360101,2876203507,570503601
92591861,925918610102,2877206422,9259186101
2083379801,5705230202,2877218437,570502302
2083379801,5705230102,2877207629,570502301
2435797501,17030010201,2876190775,170300102
2083379801,5705230201,2876236144,570502302
2083379801,5705230201,2876240856,570502302
59990010,59990010105,2876200356,599900101
2203541451,57060020214,2877512894,570600202
2083379801,5705230201,2876236138,570502302
6020010,60200100201,2876232723,602001002
1473879154,125200202,2877194802,1252002
2083379802,5705240204,2877186852,570502402
1620431258,152100103,2877166913,1521001
2083379804,57050239205,2876206607,570502392
2083379801,5705230101,2876219586,570502301
1473879151,125000202,2877199571,1250002
520202,5202020204,2876228962,52020202
2083379802,5705240201,2876246715,570502402
520202,5202020201,2877191093,52020202
590403,5904030201,2876202907,59040302
59990010,59990010102,2877445883,599900101
59990030,59990030103,2877163396,599900301
2083379802,5705240104,2877178839,570502401
10020011,10020011112,2877198701,100200111
59990010,59990010101,2877291901,599900101
2203541451,57060020112,2877412702,570600201
2083379801,5705230104,2877180513,570502301
2545581503,140104201,2877352373,1401042
59990030,59990030103,2877163387,599900301
1473879151,125000202,2877199584,1250002
1620431253,171500102,2877436006,1715001
1620431259,152201201,2876198556,1522012
591000102,5910001020201,2877182926,59100010202
2083379801,5705230101,2876220789,570502301
2843786501,5403001101,2876185886,540300101
59990010,59990010201,2877299320,599900102
2703103902,134002202,2877193754,1340022
59990040,59990040101,2876192273,599900401
2545583952,140004101,2876203533,1400041
2203541451,57060020214,2877512896,570600202
5025530,5025530202,2877193773,50255302
2076567807,136501201,2877301203,1365012
2203541451,57060020211,2877281475,570600202
1473879157,125502202,2877194816,1255022
2843786501,5403001103,2877209231,540300101
1473879155,125300102,2877199819,1253001
59990010,59990010202,2877453264,599900102
1473879156,125501204,2877167313,1255012
1473879156,125501103,2877228963,1255011
1620431253,171500204,2877166901,1715002
59990010,59990010203,2877203043,599900102
5025530,5025530103,2877224308,50255301
1473879151,125000203,2877230276,1250002
10020012,10020012112,2877192672,100200121
1620431253,171500104,2877165484,1715001
2083379801,5705230202,2877218413,570502302
2203541451,57060020216,2876193479,570600202
1974833502,57050381202,2877300352,570503812
2083379801,5705230201,2876236137,570502302
1980349060,137502201,2876203528,1375022
520212,5202120101,2876210809,52021201
2083379802,5705240101,2876225289,570502401
1473879151,125000101,2876197983,1250001
2083379801,5705230202,2877218431,570502302
510703,5107030201,2877180543,51070302
2083379801,5705230103,2877235907,570502301
59990010,59990010203,2877203003,599900102
5105120,51051200201,2876186680,510512002
2083379802,5705240203,2877248915,570502402
2083379802,5705240202,2877225579,570502402
2076567802,136002102,2877200699,1360021
2083379802,5705240201,2876245218,570502402
6020010,60200100201,2876232730,602001002
59990010,59990010204,2877174659,599900102
2083379805,57050249103,2877232053,570502491
59990010,59990010105,2876199639,599900101
2083379802,5705240101,2876225293,570502401
2083379801,5705230103,2877235919,570502301
2844734851,5227010101,2876187573,522700101
2083379801,5705230201,2876237481,570502302
501101,5011010201,2876203516,50110102
2083379801,5705230101,2876218580,570502301
1980349059,137501201,2876203524,1375012
2203541451,57060020116,2876188396,570600201
10020011,10020011111,2876197964,100200111
1620431260,152202201,2876198597,1522022
1473879156,125501204,2877167308,1255012
2203541451,57060020116,2876188390,570600201
1473879156,125501103,2877228958,1255011
2083379802,5705240202,2877225583,570502402
1473879153,125102201,2876196110,1251022
2083379801,5705230201,2876239123,570502302
1473879151,125000103,2877228993,1250001
1473879155,125300201,2876200837,1253002
520211,5202110102,2877205382,52021101
2083379802,5705240202,2877224347,570502402
59990010,59990010205,2876207413,599900102
59990030,59990030101,2876192817,599900301
2203541451,57060020214,2877512883,570600202
1473879154,125200203,2877228232,1252002
10020011,10020011212,2877199829,100200112
59990030,59990030101,2876192827,599900301
510703,5107030102,2877234214,51070301
1473879156,125501104,2877166922,1255011
1473879152,125101101,2876196102,1251011
2083379802,5705240104,2877178811,570502401
6020010,60200100201,2876232741,602001002
2083379802,5705240201,2876243986,570502402
2203541451,57060020112,2877412724,570600201
6020010,60200100101,2876219551,602001001
520211,5202110102,2877205379,52021101
520202,5202020204,2876227934,52020202
2100452958,148502201,2876197443,1485022
2203541451,57060020211,2877280269,570600202
59990010,59990010103,2877197211,599900101
2083379801,5705230202,2877218449,570502302
59990010,59990010201,2877300371,599900102
2864046101,19180010201,2876190759,191800102
2083379801,5705230201,2876237477,570502302
510703,5107030101,2877177814,51070301
2083379801,5705230203,2877244619,570502302
2083379801,5705230203,2877244635,570502302
59990030,59990030101,2876192816,599900301
59990010,59990010202,2877451646,599900102
2083379802,5705240201,2876246740,570502402
2083379802,5705240204,2877186900,570502402
59990010,59990010104,2877168066,599900101
2083379801,5705230103,2877235929,570502301
1473879151,125000101,2876197991,1250001
1473879151,125000103,2877228992,1250001
2203541451,57060020212,2877427403,570600202
1473879151,125000204,2877168918,1250002
2042522751,141001201,2876201620,1410012
59990010,59990010104,2877168071,599900101
503101,5031010101,2876206241,50310101
2203541451,57060020112,2877412726,570600201
2083379805,57050249104,2877524780,570502491
10020011,10020011213,2877170093,100200112
2083379801,5705230102,2877207635,570502301
2203541451,57060020215,2877170069,570600202
2295784351,136101101,2877288554,1361011
5025530,5025530203,2877227065,50255302
590601,5906010101,2876202910,59060101
520202,5202020202,2877246539,52020202
2083379805,57050249105,2877174685,570502491
2203541451,57060020213,2877195619,570600202
2004504755,57050401101,2876202304,570504011
2083379801,5705230204,2877185083,570502302
580102,5801020101,2877355812,
510703,5107030103,2876210850,51070301
2203541451,57060020211,2877280274,570600202
2435797501,17030010201,2876190785,170300102
2083379804,57050239201,2877456661,570502392
5102012,51020120101,2875795348,510201201
2864046101,19180010201,2876190761,191800102
59990010,59990010103,2877197250,599900101
2004504755,57050401102,2877200679,570504011
59990010,59990010201,2877300373,599900102
521302,5213020202,2877202106,52130202
2083379802,5705240101,2876226859,570502401
521302,5213020102,2877201483,52130201
2203541451,57060020111,2877269738,570600201
1974833501,57050210104,2877172491,570502101
59990010,59990010205,2876208367,599900102
1974833502,57050381102,2877296994,570503811
510708,5107080201,2876209386,
2203541451,57060020113,2877189964,570600201
2083379801,5705230201,2876239106,570502302
59990040,59990040101,2876192300,599900401
2203541451,57060020113,2877186865,570600201
59990010,59990010205,2876208355,599900102
2203541451,57060020216,2876193486,570600202
1473879151,125000203,2877230271,1250002
59990010,59990010204,2877173843,599900102
2083379804,57050239103,2877232051,570502391
2203541451,57060020211,2877281472,570600202
2203541451,57060020214,2877514208,570600202
520202,5202020203,2877223127,52020202
520251,5202510101,2876210812,52025101
510708,5107080101,2876209380,
2096814851,141601101,2876194819,1416011
501101,5011010102,2877201477,50110101
2083379802,5705240104,2877177842,570502401
2203541451,57060020212,2877427421,570600202
2295784351,136101201,2877288560,1361012
2083379801,5705230203,2877244625,570502302
5105032,51050320201,2876184871,510503202
520202,5202020101,2877182091,52020201
2083379801,5705230201,2876239107,570502302
2083379801,5705230103,2877235930,570502301
2435797501,17030010201,2876190777,170300102
521302,5213020203,2877172464,52130202
500301,5003010102,2877205355,50030101
59990010,59990010101,2877291153,599900101
2203541451,57060020212,2877426074,570600202
2083379802,5705240104,2877177849,570502401
2083379802,5705240103,2877237645,570502401
6020010,60200100201,2876231897,602001002
5105150,51051500201,2876184894,510515002
2843786501,5403001103,2877209243,540300101
520202,5202020101,2877182908,52020201
2083379802,5705240203,2877247679,570502402
2042522753,141100202,2877230631,1411002
1473879151,125000203,2877230277,1250002
10020011,10020011112,2877197986,100200111
500301,5003010101,2876208377,50030101
1620431263,152601102,2877199559,1526011
2843786501,5403001101,2876185883,540300101
59990010,59990010103,2877197212,599900101
2083379802,5705240202,2877225559,570502402
591000301,5910003010101,2876185868,59100030101
10020011,10020011112,2877197992,100200111
59990030,59990030101,2876192290,599900301
59990010,59990010203,2877202146,599900102
2843786501,5403001201,2876188366,540300102
2083379802,5705240104,2877178835,570502401
1473879155,125300203,2877230606,1253002
2083379802,5705240201,2876243954,570502402
2083379801,5705230103,2877235924,570502301
520202,5202020203,2877224325,52020202
1473879157,125502102,2877194812,1255021
1473879156,125501203,2877230252,1255012
2083379805,57050249102,2877202125,570502491
2203541451,57060020214,2877512887,570600202
5025520,5025520201,2876188377,50255202
2551505855,140501104,2877217479,1405011
2111075851,142500201,2876206228,1425002
591000200,5910002000203,2877160082,59100020002
500301,5003010102,2877205356,50030101
2203541451,57060020216,2876193492,570600202
2083379801,5705230203,2877244611,570502302
591000501,5910005010102,2877183853,59100050101
1473879153,125102101,2876194827,1251021
1473879151,125000201,2876200804,1250002
1620431257,152000101,2876197425,1520001
2083379802,5705240201,2876245240,570502402
2004504751,57050300101,2876201642,570503001
500301,5003010202,2877205372,50030102
2203541451,57060020112,2877412747,570600201
520202,5202020104,2876214207,52020201
2083379802,5705240201,2876245226,570502402
2083379801,5705230202,2877218441,570502302
5101010,51010100201,2876184876,510101002
2083379801,5705230101,2876220798,570502301
1473879151,125000201,2876200801,1250002
2083379804,57050239102,2877203018,570502391
510703,5107030102,2877233747,51070301
2203541451,57060020213,2877195633,570600202
59990030,59990030103,2877163379,599900301
2203541451,57060020112,2877412714,570600201
2083379802,5705240104,2877178833,570502401
520202,5202020102,2877238892,52020201
2083379801,5705230201,2876237467,570502302
1473879153,125102203,2877227079,1251022
510703,5107030201,2877180546,51070302
59990010,59990010101,2877291171,599900101
59990010,59990010104,2877168056,599900101
2203541451,57060020211,2877280266,570600202
2203541451,57060020111,2877269750,570600201
580101,5801010201,2876211516,
520251,5202510201,2876211511,52025102
1473879152,125101201,2876196606,1251012
1620431257,152000201,2876198576,1520002
59990010,59990010202,2877453287,599900102
59990040,59990040101,2876192804,599900401
1473879155,125300103,2877230259,1253001
520202,5202020103,2877213175,52020201
2083379801,5705230103,2877235939,570502301
2042522752,141002104,2877171721,1410021
59990010,59990010202,2877454123,599900102
2203541451,57060020216,2876194817,570600202
2083379802,5705240101,2876225273,570502401
2083379801,5705230202,2877218420,570502302
1473879152,125101203,2877228215,1251012
510703,5107030101,2877177806,51070301
5101010,51010100102,2877177830,510101001
501102,5011020101,2876202315,50110201
1473879154,125200101,2876196124,1252001
2203541451,57060020214,2877514209,570600202
2203541451,57060020212,2877427408,570600202
1620431253,171500201,2876196133,1715002
2042522754,141501201,2876203517,1415012
520202,5202020202,2877247671,52020202
59990010,59990010105,2876199603,599900101
2083379801,5705230203,2877244642,570502302
2083379802,5705240104,2877178809,570502401
2083379801,5705230201,2876237487,570502302
5025530,5025530203,2877227055,50255302
1620431257,152000201,2876198586,1520002
2203541451,57060020211,2877280271,570600202
2083379801,5705230202,2877220047,570502302
59990010,59990010102,2877444904,599900101
2203541451,57060020115,2877165466,570600201
2083379801,5705230101,2876219560,570502301
59990010,59990010104,2877168067,599900101
2203541451,57060020111,2877269734,570600201
2203541451,57060020213,2877195634,570600202
1620431265,152700101,2876199114,1527001
1473879156,125501203,2877229449,1255012
1473879152,125101202,2877193794,1251012
591000400,5910004000101,2876186668,59100040001
2863103351,1713001201,2876187565,171300102
2070902401,142100201,2876201626,1421002
2076567810,136504202,2877202102,1365042
2203541451,57060020113,2877186851,570600201
2083379802,5705240101,2876225290,570502401
2083379802,5705240201,2876246736,570502402
2004504756,57050402101,2876201630,570504021
2203541451,57060020115,2877165455,570600201
5105010,51050100101,2876184854,510501001
2100452953,148101101,2876197409,1481011
503101,5031010201,2876206629,50310102
2083379801,5705230102,2877207649,570502301
59990010,59990010103,2877197214,599900101
2435797501,17030010203,2877217499,170300102
59990010,59990010105,2876200363,599900101
59990010,59990010205,2876208369,599900102
2083379802,5705240204,2877189974,570502402
2203541451,57060020211,2877281477,570600202
1974833501,57050210104,2877172499,570502101
520202,5202020203,2877223139,52020202
2004504755,57050401102,2877200678,570504011
2100452954,148102101,2876197427,1481021
5025530,5025530204,2877164229,50255302
2203541451,57060020211,2877281479,570600202
1473879151,125000201,2876200396,1250002
501201,5012010201,2876202917,50120102
5025530,5025530102,2877191875,50255301
1473879155,125300102,2877199815,1253001
2083379802,5705240201,2876245209,570502402
2100452951,148001101,2876196626,1480011
2203541451,57060020111,2877269728,570600201
2703103907,134200101,2876193451,1342001
1974833501,57050210104,2877172495,570502101
510791,5107910201,2876201622,51079102
2083379802,5705240201,2876243963,570502402
5025530,5025530202,2877193766,50255302
2083379805,57050249101,2877456667,570502491
6020010,60200100101,2876218591,602001001
10020011,10020011211,2876201603,100200112
2083379802,5705240203,2877248927,570502402
2083379802,5705240202,2877224343,570502402
1974833501,57050210201,2876209355,570502102
2083379805,57050249102,2877202128,570502491
2083379802,5705240101,2876223948,570502401
2004504753,57050360201,2876203531,570503602
2083379801,5705230102,2877207622,570502301
520202,5202020101,2877182075,52020201
1620431252,171002101,2876196106,1710021
2083379802,5705240203,2877247684,570502402
2083379802,5705240202,2877225571,570502402
2203541451,57060020111,2877271404,570600201
591000501,5910005010202,2877183861,59100050102
59990010,59990010104,2877168072,599900101
59990010,59990010204,2877173806,599900102
2083379802,5705240103,2877238871,570502401
2083379802,5705240104,2877178813,570502401
2100452951,148001201,2876196637,1480012
2435797503,17030030103,2877218411,170300301
520202,5202020204,2876227921,52020202
2083379801,5705230202,2877218419,570502302
59990030,59990030102,2877191896,599900301
2435797503,17030030102,2877188581,170300301
503101,5031010201,2876206631,50310102
2004504755,57050401204,2877171723,570504012
2083379801,5705230203,2877244637,570502302
5105120,51051200201,2876186688,510512002
2083379802,5705240103,2877237650,570502401
521302,5213020101,2876202939,52130201
59990010,59990010202,2877453273,599900102
2100452957,148501101,2876197441,1485011
510703,5107030201,2877180542,51070302
2435797502,17030020204,2877161082,170300202
2203541451,57060020113,2877186879,570600201
1473879152,125101204,2877162200,1251012
2042522753,141100102,2877230618,1411001
1620431258,152100102,2877194837,1521001
2083379805,57050249103,2876206614,570502491
2083379802,5705240101,2876225275,570502401
520202,5202020203,2877221300,52020202
1473879158,125800201,2877288593,1258002
59990010,59990010102,2877445886,599900101
2083379801,5705230102,2877207616,570502301
1473879154,125200104,2877165451,1252001
2203541451,57060020113,2877186881,570600201
5101010,51010100103,2877160057,510101001
2083379802,5705240201,2876245216,570502402
2083379801,5705230204,2877185057,570502302
521302,5213020202,2877202105,52130202
2203541451,57060020116,2876188391,570600201
2703103904,134004101,2877285130,1340041
2083379801,5705230204,2877183896,570502302
2203541451,57060020214,2877512890,570600202
2083379805,57050249205,2877174698,570502492
2004504757,57050410202,2877200659,570504102
590103,5901030101,2876186700,59010301
1620431251,171001102,2877194813,1710011
520202,5202020104,2876214201,52020201
2042522754,141501101,2876203508,1415011
92591852,925918520201,2876211524,9259185202
59990010,59990010205,2876207446,599900102
510703,5107030101,2877176395,51070301
59990010,59990010202,2877453268,599900102
2865013651,19190010102,2877191881,191900101
1620431258,152100101,2876196632,1521001
59990010,59990010205,2876207403,599900102
1473879151,125000201,2876200393,1250002
2843786501,5403001103,2877209230,540300101
2083379802,5705240203,2877248912,570502402
2083379801,5705230104,2877180523,570502301
500301,5003010101,2876208388,50030101
2042522753,141100202,2877230630,1411002
1473879156,125501101,2876196648,1255011
520252,5202520102,2877206419,52025201
6020010,60200100201,2876233101,602001002
2083379805,57050249202,2877204326,570502492
2203541451,57060020114,2877507516,570600201
59990010,59990010205,2876207428,599900102
2203541451,57060020112,2877412746,570600201
520211,5202110101,2876210808,52021101
2435797503,17030030101,2876190766,170300301
1980349051,137000201,2877294291,1370002
2843786501,5403001202,2877182937,540300102
521302,5213020201,2876204809,52130202
2083379801,5705230101,2876222255,570502301
2083379802,5705240201,2876243982,570502402
591000302,5910003020202,2877183855,59100030202
2083379802,5705240104,2877178803,570502401
2083379802,5705240201,2876246749,570502402
2083379802,5705240101,2876225263,570502401
2203541451,57060020111,2877269719,570600201
2083379802,5705240202,2877224312,570502402
510716,5107160201,2877355306,51071602
510703,5107030102,2877233746,51070301
1473879156,125501102,2877194829,1255011
520202,5202020103,2877213186,52020201
1473879156,125501101,2876197406,1255011
2435797502,17030020202,2877188551,170300202
590301,5903010101,2876196108,59030101
2111014952,142003201,2876206235,1420032
2083379801,5705230101,2876219557,570502301
520251,5202510202,2877205397,52025102
2083379801,5705230103,2877235928,570502301
2083379805,57050249103,2876206609,570502491
2551505855,140501102,2876189722,1405011
520202,5202020204,2876226895,52020202
6020010,60200100201,2876233113,602001002
2083379802,5705240202,2877224333,570502402
2203541451,57060020115,2877164222,570600201
520202,5202020104,2876213224,52020201
10020011,10020011213,2877171710,100200112
59990010,59990010103,2877197216,599900101
2076567801,136001101,2877294270,1360011
501101,5011010202,2877201499,50110102
500301,5003010101,2876208380,50030101
2203541451,57060020113,2877186867,570600201
520202,5202020102,2877240208,52020201
2864046103,19180022201,2876190799,191800222
510708,5107080102,2877205360,
2083379802,5705240103,2877238866,570502401
5025510,5025510201,2876184877,50255102
6020010,60200100101,2876220759,602001001
59990010,59990010105,2876199605,599900101
59990010,59990010102,2877445864,599900101
521001,5210010101,2876202326,52100101
2083379802,5705240204,2877185092,570502402
1620431266,152800101,2876199126,1528001
59990010,59990010104,2877168052,599900101
2083379801,5705230101,2876222265,570502301
5105070,51050700101,2877269176,510507001
510703,5107030103,2876210841,51070301
6020010,60200100201,2876231898,602001002
2083379801,5705230204,2877183894,570502302
590302,5903020201,2876196130,59030202
520202,5202020203,2877224304,52020202
520202,5202020101,2877182076,52020201
510703,5107030103,2876210827,51070301
2083379801,5705230204,2877185081,570502302
1974833501,57050210103,2877232090,570502101
2083379801,5705230102,2877207638,570502301
1620431256,171800202,2877199802,1718002
520202,5202020202,2877247653,52020202
59990010,59990010103,2877197228,599900101
1620431263,152601202,2877199560,1526012
1473879159,125900201,2877293513,1259002
590502,5905020201,2876206210,59050202
59990010,59990010101,2877291164,599900101
2083379802,5705240103,2877237640,570502401
2083379801,5705230102,2877207626,570502301
2083379802,5705240204,2877188571,570502402
92591861,925918610202,2877206424,9259186102
2083379801,5705230101,2876220783,570502301
520211,5202110103,2877175684,52021101
2083379802,5705240102,2877212018,570502401
520202,5202020204,2876227911,52020202
521302,5213020201,2876204808,52130202
59990010,59990010203,2877204310,599900102
1980349051,137000103,2877200668,1370001
510703,5107030201,2877182058,51070302
2295784351,136101101,2877288556,1361011
590600200,5906002000201,2876189731,59060020002
59990030,59990030102,2877192651,599900301
2203541451,57060020113,2877189956,570600201
520202,5202020204,2876228959,52020202
2703103905,134101201,2876191407,1341012
2703103903,134003201,2877286080,1340032
2203541451,57060020111,2877269733,570600201
59990010,59990010205,2876207431,599900102
59990010,59990010105,2876199608,599900101
2083379802,5705240101,2876225271,570502401
520211,5202110202,2877206414,52021102
1620431251,171001201,2876196619,1710012
2203541451,57060020114,2877507514,570600201
2083379801,5705230101,2876220784,570502301
6020010,60200100101,2876216999,602001001
59990010,59990010102,2877444937,599900101
5105120,51051200201,2876186687,510512002
1974833501,57050210203,2877234237,570502102
591000501,5910005010103,2877160096,59100050101
591000501,5910005010103,2877160098,59100050101
59990010,59990010103,2877197209,599900101
2203541451,57060020212,2877426064,570600202
2203541451,57060020215,2877170052,570600202
1473879153,125102102,2877193778,1251021
1980349051,137000201,2877294294,1370002
5102012,51020120201,2876184868,510201202
59990010,59990010105,2876199633,599900101
59990010,59990010101,2877291165,599900101
10020011,10020011111,2876197960,100200111
2083379801,5705230101,2876218568,570502301
1620431252,171002102,2877193786,1710021
6020010,60200100101,2876219576,602001001
520202,5202020102,2877238883,52020201
591000400,5910004000101,2876186670,59100040001
1974833501,57050210101,2876204835,570502101
2083379801,5705230201,2876237458,570502302
2203541451,57060020113,2877186862,570600201
2203541451,57060020216,2876193482,570600202
501201,5012010101,2876202344,50120101
510703,5107030102,2877234215,51070301
10020011,10020011212,2877199824,100200112
2863103351,1713001203,2877161074,171300102
2083379802,5705240101,2876223933,570502401
2083379802,5705240101,2876222288,570502401
59990010,59990010205,2876208351,599900102
2203541451,57060020214,2877512875,570600202
1473879154,125200201,2876196148,1252002
2083379801,5705230201,2876239101,570502302
59990010,59990010101,2877290494,599900101
2083379802,5705240104,2877177844,570502401
1473879151,125000102,2877197984,1250001
2843786501,5403001201,2876188367,540300102
2203541451,57060020116,2876188387,570600201
59990010,59990010103,2877197225,599900101
2703103902,134002104,2877162163,1340021
10020011,10020011213,2877170098,100200112
590502,5905020101,2876204845,59050201
2083379802,5705240203,2877248902,570502402
520202,5202020204,2876227949,52020202
2863103351,1713001202,2877217476,171300102
520202,5202020104,2876213247,52020201
2083379801,5705230201,2876237466,570502302
1974833501,57050210201,2876209357,570502102
1473879151,125000201,2876200398,1250002
2083379802,5705240203,2877248914,570502402
2203541451,57060020211,2877280273,570600202
591000302,5910003020203,2877161062,59100030202
2083379801,5705230203,2877246507,570502302
2083379802,5705240202,2877223138,570502402
2203541451,57060020116,2876189701,570600201
1620431263,152601103,2877168939,1526011
1620431253,171500204,2877165499,1715002
1620431257,152000102,2877198718,1520001
10020011,10020011212,2877199828,100200112
1473879151,125000101,2876197988,1250001
2203541451,57060020113,2877186892,570600201
59990010,59990010102,2877445873,599900101
2083379802,5705240201,2876245247,570502402
2083379805,57050249202,2877204325,570502492
2076567801,136001101,2877294273,1360011
59990010,59990010102,2877445854,599900101
59990010,59990010103,2877197218,599900101
59990010,59990010102,2877445856,599900101
59990010,59990010101,2877291905,599900101
2083379801,5705230202,2877218427,570502302
2083379801,5705230101,2876220793,570502301
590600200,5906002000101,2876187559,59060020001
2004504753,57050360101,2876203501,570503601
59990030,59990030103,2877163388,599900301
2083379801,5705230201,2876237457,570502302
59990010,59990010103,2877197241,599900101
2083379801,5705230202,2877218418,570502302
2083379802,5705240102,2877210435,570502401
10020011,10020011112,2877197985,100200111
5025530,5025530202,2877193771,50255302
1473879155,125300101,2876199145,1253001
2042522753,141100203,2877171714,1411002
1974833501,57050210101,2876204815,570502101
2083379802,5705240102,2877210407,570502401
2295784351,136101101,2877288553,1361011
59990010,59990010205,2876206648,599900102
2004504755,57050401201,2876202332,570504012
2703103901,134001201,2877286092,1340012
59990010,59990010205,2876207414,599900102
590422,5904220101,2876202340,59042201
2083379802,5705240101,2876223924,570502401
520211,5202110201,2876210820,52021102
2203541451,57060020115,2877165475,570600201
2203541451,57060020113,2877185082,570600201
520202,5202020103,2877213185,52020201
59990030,59990030103,2877163383,599900301
2203541451,57060020216,2876194807,570600202
59990010,59990010105,2876200370,599900101
520211,5202110201,2876210822,52021102
59990010,59990010105,2876200362,599900101
510762,5107620201,2877344918,51076202
59990010,59990010104,2877168062,599900101
520202,5202020104,2876213215,52020201
59990010,59990010104,2877167335,599900101
2083379802,5705240201,2876245217,570502402
10020012,10020012111,2876191429,100200121
520202,5202020101,2877182905,52020201
2203541451,57060020211,2877280275,570600202
2083379801,5705230201,2876239121,570502302
2076567801,136001201,2877295074,1360012
2083379801,5705230101,2876220785,570502301
2083379803,57050219202,2877161081,570502192
92591852,925918520101,2876211522,9259185201
591000302,5910003020102,2877182947,59100030201
2083379801,5705230201,2876239139,570502302
520202,5202020101,2877182084,52020201
5025530,5025530102,2877191869,50255301
520202,5202020202,2877247657,52020202
10020011,10020011211,2876200822,100200112
2865013651,19190010201,2876192845,191900102
2203541451,57060020114,2877507545,570600201
59990010,59990010203,2877202143,599900102
2083379801,5705230103,2877235920,570502301
2203541451,57060020216,2876194802,570600202
5105120,51051200201,2876186681,510512002
2545581504,140106103,2877172476,1401061
2295784351,136101101,2877288552,1361011
2203541451,57060020214,2877514204,570600202
510703,5107030203,2876212282,51070302
2083379801,5705230201,2876236131,570502302
520212,5202120201,2876210836,52021202
2203541451,57060020212,2877427423,570600202
2083379804,57050239202,2877204319,570502392
2004504751,57050300101,2876201638,570503001
6020010,60200100101,2876218576,602001001
1974833501,57050210101,2876204829,570502101
59990010,59990010101,2877291193,599900101
6020010,60200100101,2876216993,602001001
2083379802,5705240104,2877180502,570502401
2042522753,141100103,2877169398,1411001
2042522752,141002204,2877171727,1410022
520211,5202110202,2877206412,52021102
1620431257,152000202,2877199594,1520002
1473879156,125501204,2877167318,1255012
2203541451,57060020111,2877269717,570600201
2042522751,141001101,2876200813,1410011
10020011,10020011211,2876201604,100200112
2083379802,5705240203,2877247695,570502402
520202,5202020202,2877246531,52020202
6020010,60200100101,2876218572,602001001
2083379801,5705230103,2877235938,570502301
2083379804,57050239103,2877231250,570502391
2083379802,5705240103,2877238857,570502401
2083379802,5705240103,2877238854,570502401
2203541451,57060020215,2877169396,570600202
520212,5202120201,2876210838,52021202
590600200,5906002000201,2876189728,59060020002
520252,5202520101,2876211520,52025201
1473879156,125501103,2877228959,1255011
2083379802,5705240102,2877210422,570502401
2435797503,17030030201,2876190792,170300302
520202,5202020102,2877238887,52020201
2203541451,57060020215,2877169392,570600202
2203541451,57060020211,2877281467,570600202
10020012,10020012211,2876193460,100200122
5025530,5025530101,2876191440,50255301
591000200,5910002000201,2876185855,59100020002
2203541451,57060020211,2877281465,570600202
59990010,59990010102,2877445867,599900101
520202,5202020201,2877189991,52020202
1980349051,137000201,2877294288,1370002
2083379802,5705240101,2876223949,570502401
1473879154,125200103,2877227087,1252001
591000501,5910005010202,2877183860,59100050102
1620431256,171800203,2877230281,1718002
2083379801,5705230101,2876220753,570502301
2083379802,5705240202,2877225564,570502402
2083379802,5705240104,2877180514,570502401
2100452955,148103201,2876204836,1481032
2435797502,17030020203,2877218410,170300202
510703,5107030201,2877182056,51070302
2083379801,5705230103,2877235922,570502301
2083379801,5705230101,2876220778,570502301
2203541451,57060020212,2877426090,570600202
2083379802,5705240202,2877223126,570502402
520202,5202020102,2877238889,52020201
591000200,5910002000102,2877182927,59100020001
1974833501,57050210203,2877234239,570502102
590600200,5906002000101,2876187557,59060020001
59990010,59990010201,2877298388,599900102
2083379801,5705230102,2877207614,570502301
510703,5107030203,2876212273,51070302
500301,5003010201,2876209390,50030102
2042522751,141001205,2877230603,1410012
1620431261,152501101,2876198592,1525011
510703,5107030203,2876212266,51070302
2100452952,148002201,2876200809,1480022
2083379801,5705230203,2877244631,570502302
1620431254,171600102,2877199850,1716001
521301,5213010101,2876202337,52130101
2843786501,5403001201,2876188360,540300102
1620431258,152100203,2877166930,1521002
2203541451,57060020116,2876188392,570600201
1620431256,171800103,2877230263,1718001
1974833502,57050381102,2877296995,570503811
59990010,59990010205,2876207401,599900102
2844734851,5227010101,2876187572,522700101
510761,5107610201,2876201617,51076102
2083379802,5705240201,2876245228,570502402
59990010,59990010202,2877453257,599900102
59990010,59990010103,2877197232,599900101
520211,5202110202,2877206416,52021102
2083379802,5705240202,2877225568,570502402
1473879151,125000201,2876200389,1250002
2083379802,5705240103,2877237649,570502401
2083379802,5705240101,2876222281,570502401
1980349051,137000101,2877293545,1370001
2083379801,5705230202,2877221265,570502302
59990010,59990010201,2877298399,599900102
2843786501,5403001203,2877214219,540300102
59990010,59990010204,2877173829,599900102
2004504755,57050401104,2877171716,570504011
10020011,10020011213,2877170099,100200112
520202,5202020103,2877213195,52020201
1473879156,125501102,2877194833,1255011
2083379802,5705240101,2876223950,570502401
2203541451,57060020214,2877512898,570600202
1620431256,171800202,2877199801,1718002
2083379802,5705240101,2876225280,570502401
1473879151,125000101,2876197989,1250001
590511,5905110101,2876196134,59051101
520202,5202020103,2877213177,52020201
59990010,59990010105,2876199632,599900101
59990030,59990030101,2876192822,599900301
520202,5202020103,2877213153,52020201
2843786501,5403001201,2876188364,540300102
59990010,59990010202,2877453261,599900102
520202,5202020203,2877221297,52020202
2203541451,57060020216,2876193472,570600202
1980349051,137000101,2877293543,1370001
2703103901,134001101,2877285122,1340011
2083379801,5705230102,2877209212,570502301
2863103351,1713001203,2877161072,171300102
2100452959,148600201,2876199134,1486002
2083379801,5705230101,2876219552,570502301
1974833501,57050210203,2877234232,570502102
10020011,10020011111,2876197954,100200111
59990040,59990040101,2876192807,599900401
2203541451,57060020212,2877426077,570600202
1473879151,125000202,2877199577,1250002
2203541451,57060020211,2877281473,570600202
1974833501,57050210202,2877206408,570502102
5105070,51050700201,2877269177,510507002
59990040,59990040101,2876192266,599900401
1620431257,152000201,2876198583,1520002
10020012,10020012113,2877162168,100200121
2083379802,5705240204,2877186897,570502402
2083379801,5705230201,2876237456,570502302
2083379801,5705230104,2877180536,570502301
1473879156,125501203,2877230251,1255012
59990010,59990010202,2877454114,599900102
59990010,59990010105,2876200359,599900101
580103,5801030101,2877459401,
59990010,59990010104,2877167330,599900101
500301,5003010201,2876209399,50030102
2203541451,57060020215,2877170080,570600202
2083379804,57050239203,2877232068,570502392
2083379802,5705240202,2877225552,570502402
520202,5202020103,2877213159,52020201
5025530,5025530104,2877162190,50255301
59990010,59990010201,2877300357,599900102
501102,5011020103,2877200700,50110201
2203541451,57060020114,2877507540,570600201
1974833501,57050210203,2877234228,570502102
520202,5202020203,2877224322,52020202
5105140,51051400101,2876184898,510514001
10020011,10020011212,2877199837,100200112
2083379802,5705240102,2877210406,570502401
1974833501,57050210102,2877204305,570502101
2203541451,57060020213,2877194840,570600202
2203541451,57060020213,2877194847,570600202
1620431258,152100201,2876197433,1521002
590503,5905030201,2876206215,59050302
92591861,925918610201,2876211528,9259186102
10020012,10020012111,2876191426,100200121
2551505851,140200201,2876206213,1402002
520202,5202020201,2877189983,52020202
2203541451,57060020216,2876193487,570600202
520202,5202020203,2877223106,52020202
1473879154,125200204,2877165490,1252002
59990040,59990040101,2876192806,599900401
2844734851,5227010101,2876187569,522700101
1620431259,152201203,2877168076,1522012
1473879155,125300203,2877230604,1253002
2203541451,57060020216,2876194808,570600202
2083379801,5705230204,2877186853,570502302
2203541451,57060020113,2877188559,570600201
59990010,59990010203,2877204313,599900102
2203541451,57060020213,2877195623,570600202
2844734851,5227010101,2876187570,522700101
10020011,10020011213,2877171703,100200112
2203541451,57060020215,2877170082,570600202
510203,5102030101,2876204837,51020301
59990010,59990010102,2877445889,599900101
500301,5003010102,2877205358,50030101
2083379801,5705230204,2877183890,570502302
510703,5107030203,2876212271,51070302
590302,5903020101,2876196117,59030201
2083379801,5705230103,2877235921,570502301
1473879153,125102104,2877163391,1251021
1620431251,171001202,2877194821,1710012
510201,5102010101,2876204840,51020101
2083379802,5705240102,2877212008,570502401
2083379802,5705240101,2876225297,570502401
2083379801,5705230101,2876216998,570502301
6020010,60200100101,2876218594,602001001
1620431257,152000201,2876198580,1520002
1620431261,152501103,2877168077,1525011
2703103908,134301101,2877285150,1343011
1974833501,57050210101,2876204822,570502101
1620431258,152100101,2876196629,1521001
2083379802,5705240101,2876225277,570502401
520211,5202110103,2877175686,52021101
59990010,59990010103,2877197223,599900101
2083379801,5705230101,2876220765,570502301
1974833501,57050210201,2876208397,570502102
2435797501,17030010201,2876190778,170300102
2083379802,5705240204,2877186875,570502402
59990010,59990010201,2877300351,599900102
59990010,59990010101,2877290499,599900101
1473879152,125101202,2877193793,1251012
1473879151,125000203,2877230270,1250002
59990010,59990010204,2877173832,599900102
2083379802,5705240203,2877247694,570502402
2076567802,136002103,2877230625,1360021
510703,5107030202,2877237607,51070302
2083379801,5705230101,2876220799,570502301
520202,5202020201,2877188588,52020202
520202,5202020102,2877238898,52020201
1620431257,152000102,2877198716,1520001
10020011,10020011212,2877199834,100200112
2083379802,5705240201,2876243951,570502402
59990010,59990010104,2877167324,599900101
1620431251,171001103,2877165497,1710011
1473879151,125000204,2877168919,1250002
2076567802,136002102,2877200694,1360021
2083379804,57050239203,2877232067,570502392
1473879156,125501104,2877166914,1255011
2703103901,134001201,2877286087,1340012
2076567802,136002202,2877201468,1360022
1473879152,125101203,2877228213,1251012
2203541451,57060020213,2877195624,570600202
59990010,59990010205,2876208359,599900102
2004504751,57050300201,2876202313,570503002
2435797501,17030010201,2876190781,170300102
1620431257,152000102,2877198712,1520001
520202,5202020202,2877247675,52020202
501104,5011040101,2876211514,50110401
59990010,59990010201,2877298390,599900102
1473879154,125200102,2877193782,1252001
2083379802,5705240103,2877238860,570502401
591000200,5910002000201,2876185853,59100020002
59990010,59990010203,2877204302,599900102
2083379802,5705240102,2877210421,570502401
10020011,10020011211,2876200847,100200112
1974833501,57050210103,2877232085,570502101
2083379801,5705230201,2876239147,570502302
10020011,10020011112,2877197987,100200111
59990010,59990010102,2877444901,599900101
2203541451,57060020212,2877426066,570600202
521302,5213020101,2876202936,52130201
2843786501,5403001202,2877182935,540300102
59990010,59990010104,2877168055,599900101
1620431260,152202103,2877168080,1522021
2070902402,142400203,2877169382,1424002
59990010,59990010102,2877444946,599900101
1974833501,57050210103,2877232071,570502101
1473879155,125300201,2876200838,1253002
2083379801,5705230203,2877244645,570502302
2865013651,19190010202,2877192683,191900102
2843786501,5403001103,2877209249,540300101
2083379802,5705240204,2877186871,570502402
59990010,59990010202,2877454115,599900102
59990040,59990040101,2876192296,599900401
2083379802,5705240203,2877248913,570502402
2083379801,5705230201,2876239128,570502302
1473879151,125000104,2877166932,1250001
2083379801,5705230104,2877180537,570502301
59990010,59990010105,2876199636,599900101
59990010,59990010202,2877453286,599900102
590503,5905030201,2876206217,59050302
5101010,51010100103,2877160058,510101001
521302,5213020203,2877172465,52130202
2843786501,5403001102,2877182068,540300101
59990010,59990010202,2877454126,599900102
2203541451,57060020116,2876188375,570600201
1620431254,171600203,2877230613,1716002
2203541451,57060020214,2877514217,570600202
2042522753,141100103,2877169397,1411001
510703,5107030102,2877234207,51070301
2083379802,5705240104,2877177840,570502401
59990010,59990010201,2877298387,599900102
59990010,59990010103,2877197230,599900101
2004504753,57050360201,2876203530,570503602
59990030,59990030101,2876192820,599900301
59990010,59990010103,2877197247,599900101
2083379801,5705230201,2876236146,570502302
2042522751,141001204,2877199848,1410012
1980349052,137101102,2877200661,1371011
1473879157,125502203,2877228243,1255022
59990010,59990010102,2877445874,599900101
5025530,5025530102,2877191874,50255301
5025510,5025510101,2876184859,50255101
2083379801,5705230203,2877244627,570502302
59990030,59990030101,2876192825,599900301
2083379801,5705230104,2877178850,570502301
521302,5213020201,2876204806,52130202
510703,5107030203,2876212268,51070302
59990030,59990030101,2876192837,599900301
2203541451,57060020111,2877269721,570600201
2083379801,5705230104,2877180525,570502301
520202,5202020103,2877213152,52020201
2203541451,57060020112,2877412716,570600201
2042522751,141001105,2877230299,1410011
2083379801,5705230103,2877235901,570502301
510703,5107030103,2876210831,51070301
1980349051,137000201,2877294289,1370002
2865013651,19190010101,2876191419,191900101
2083379801,5705230101,2876220775,570502301
1473879152,125101103,2877227071,1251011
520202,5202020101,2877182913,52020201
1620431257,152000202,2877199595,1520002
1980349052,137101101,2876201628,1371011
2083379801,5705230202,2877218438,570502302
59990010,59990010204,2877173824,599900102
1620431255,171700101,2876200823,1717001
520202,5202020204,2876227906,52020202
5102012,51020120101,2875795347,510201201
580106,5801060101,2877304528,58010601
2083379802,5705240203,2877247680,570502402
1620431257,152000102,2877198711,1520001
2111014952,142003201,2876206236,1420032
2203541451,57060020214,2877514223,570600202
1974833501,57050210202,2877205387,570502102
1473879151,125000102,2877197973,1250001
5105020,51050200201,2877234247,510502002
2083379802,5705240202,2877225584,570502402
2083379802,5705240204,2877186893,570502402
520202,5202020204,2876228971,52020202
2158856401,142600201,2876206637,1426002
1473879152,125101202,2877193791,1251012
59990010,59990010101,2877291199,599900101
10020012,10020012212,2877193753,100200122
10020011,10020011111,2876197449,100200111
1473879153,125102201,2876196111,1251022
590513,5905130101,2876196137,59051301
2203541451,57060020213,2877194848,570600202
2083379804,57050239203,2877232065,570502392
1620431255,171700201,2876201605,1717002
1473879152,125101101,2876194849,1251011
6020010,60200100101,2876220766,602001001
59990010,59990010205,2876207407,599900102
59990010,59990010201,2877300367,599900102
59990010,59990010204,2877173830,599900102
520202,5202020203,2877224328,52020202
59990030,59990030101,2876192834,599900301
2083379802,5705240101,2876223905,570502401
59990010,59990010105,2876200373,599900101
2083379802,5705240101,2876222293,570502401
59990010,59990010201,2877298400,599900102
2843786501,5403001103,2877209232,540300101
2843786501,5403001103,2877209235,540300101
2203541451,57060020116,2876189713,570600201
2083379801,5705230101,2876219562,570502301
2203541451,57060020213,2877195626,570600202
59990010,59990010103,2877197201,599900101
1473879156,125501202,2877197957,1255012
2203541451,57060020212,2877426068,570600202
1473879151,125000103,2877228994,1250001
59990010,59990010203,2877202139,599900102
503101,5031010201,2876206627,50310102
2083379801,5705230101,2876219587,570502301
2111014955,148200201,2876206603,1482002
2203541451,57060020212,2877426065,570600202
2203541451,57060020114,2877506550,570600201
2843786501,5403001101,2876185884,540300101
1974833501,57050210104,2877172468,570502101
2083379801,5705230103,2877235913,570502301
2083379805,57050249203,2877232094,570502492
2083379801,5705230202,2877218423,570502302
2042522752,141002203,2877230626,1410022
2435797501,17030010103,2877217489,170300101
503101,5031010101,2876206249,50310101
59990010,59990010205,2876207438,599900102
1473879152,125101201,2876196614,1251012
2100452952,148002101,2876200378,1480021
2083379801,5705230203,2877244641,570502302
520202,5202020204,2876228954,52020202
59990010,59990010202,2877453298,599900102
2865013651,19190010202,2877192682,191900102
59990010,59990010103,2877197244,599900101
2083379801,5705230102,2877207642,570502301
2551505855,140501201,2877279576,1405012
2203541451,57060020113,2877188572,570600201
59990010,59990010203,2877204309,599900102
59990010,59990010103,2877197245,599900101
2083379801,5705230202,2877221255,570502302
1620431257,152000201,2876198578,1520002
59990010,59990010103,2877197213,599900101
2083379802,5705240101,2876225274,570502401
10020011,10020011211,2876200828,100200112
2083379802,5705240201,2876245245,570502402
520202,5202020203,2877223145,52020202
2203541451,57060020115,2877164233,570600201
2083379802,5705240201,2876246748,570502402
1974833502,57050381202,2877299333,570503812
2083379802,5705240201,2876245237,570502402
59990010,59990010101,2877290485,599900101
59990010,59990010204,2877173822,599900102
5025530,5025530201,2876194836,50255302
6020010,60200100101,2876219599,602001001
6020010,60200100201,2876231894,602001002
1974833501,57050210201,2876209373,570502102
6020010,60200100201,2876233110,602001002
1974833501,57050210202,2877206402,570502102
2083379804,57050239204,2877174688,570502392
1473879155,125300204,2877169375,1253002
59990010,59990010101,2877291182,599900101
2083379802,5705240104,2877178805,570502401
500301,5003010202,2877205373,50030102
2083379805,57050249205,2877175651,570502492
2083379801,5705230101,2876218563,570502301
59990010,59990010202,2877454121,599900102
1974833501,57050210102,2877202132,570502101
5025510,5025510102,2877177828,50255101
59990010,59990010102,2877444050,599900101
1974833501,57050210102,2877203014,570502101
2083379802,5705240104,2877180504,570502401
1980349051,137000204,2877230622,1370002
591000400,5910004000201,2876186678,59100040002
59990030,59990030101,2876192262,599900301
2004504753,57050360101,2876203505,570503601
1473879155,125300102,2877199821,1253001
2203541451,57060020115,2877164214,570600201
1473879151,125000104,2877166943,1250001
1473879159,125900201,2877293515,1259002
1473879155,125300201,2876200846,1253002
2438296402,17030061201,2876187577,170300612
2203541451,57060020115,2877164224,570600201
59990010,59990010203,2877204312,599900102
1620431257,152000101,2876197418,1520001
520202,5202020203,2877224348,52020202
520202,5202020202,2877246535,52020202
2076567803,136003101,2877300384,1360031
59990010,59990010205,2876207450,599900102
10020011,10020011212,2877199835,100200112
1473879155,125300101,2876199143,1253001
520202,5202020202,2877247673,52020202
510715,5107150102,2877205359,51071501
2083379801,5705230104,2877178845,570502301
2843786501,5403001102,2877182072,540300101
2083379802,5705240202,2877223112,570502402
2083379801,5705230104,2877178804,570502301
1473879151,125000202,2877199563,1250002
520202,5202020204,2876228969,52020202
6020010,60200100101,2876218554,602001001
520202,5202020104,2876213235,52020201
1473879152,125101101,2876194846,1251011
2551505855,140501203,2877183879,1405012
6020010,60200100201,2876231895,602001002
2203541451,57060020111,2877269725,570600201
2083379802,5705240101,2876222294,570502401
500301,5003010103,2877232099,50030101
2203541451,57060020215,2877169388,570600202
5025530,5025530202,2877193769,50255302
10020011,10020011213,2877171709,100200112
1473879159,125900101,2877292641,1259001
2083379801,5705230101,2876222266,570502301
1473879156,125501201,2876198571,1255012
1473879151,125000101,2876197981,1250001
2203541451,57060020214,2877512899,570600202
59990030,59990030101,2876192823,599900301
59990030,59990030102,2877191894,599900301
2203541451,57060020115,2877164232,570600201
1620431265,152700101,2876199111,1527001
1620431260,152202103,2877168082,1522021
2863103351,1713001103,2877161053,171300101
2703103903,134003101,2877285142,1340031
2083379801,5705230204,2877183888,570502302
59990010,59990010101,2877290491,599900101
1980349051,137000204,2877230621,1370002
2551505853,140302101,2876206233,1403021
2203541451,57060020115,2877165469,570600201
2083379802,5705240201,2876246707,570502402
1473879158,125800201,2877288589,1258002
2096814851,141601101,2876194820,1416011
59990010,59990010101,2877291176,599900101
520202,5202020103,2877213158,52020201
5025530,5025530103,2877223144,50255301
1620431258,152100102,2877194836,1521001
2864046101,19180010101,2876189748,191800101
500301,5003010102,2877205354,50030101
1473879155,125300103,2877230262,1253001
59990010,59990010201,2877300356,599900102
59990010,59990010101,2877291156,599900101
500301,5003010201,2876209393,50030102
2083379801,5705230103,2877235941,570502301
2083379802,5705240202,2877223128,570502402
510703,5107030203,2876212280,51070302
2203541451,57060020113,2877186888,570600201
520202,5202020104,2876213248,52020201
59990010,59990010105,2876199602,599900101
2083379801,5705230104,2877180532,570502301
2844734851,5227010201,2876189720,522700102
2843786501,5403001101,2876185895,540300101
2083379802,5705240201,2876243972,570502402
2203541451,57060020112,2877412727,570600201
59990010,59990010203,2877203033,599900102
2203541451,57060020213,2877195638,570600202
520202,5202020104,2876214213,52020201
2083379801,5705230201,2876237462,570502302
2083379805,57050249105,2877174681,570502491
2083379802,5705240201,2876246702,570502402
2083379802,5705240101,2876222274,570502401
1473879151,125000101,2876197975,1250001
2083379801,5705230201,2876239145,570502302
2203541451,57060020216,2876194806,570600202
59990010,59990010105,2876199627,599900101
2083379802,5705240202,2877224329,570502402
2703103901,134001201,2877286090,1340012
1974833501,57050210102,2877203001,570502101
2083379802,5705240102,2877210411,570502401
59990010,59990010101,2877291158,599900101
520202,5202020103,2877213164,52020201
2083379802,5705240204,2877186877,570502402
2083379801,5705230101,2876220792,570502301
2100452955,148103101,2876204801,1481031
2439533002,17030080201,2876189746,170300802
2083379801,5705230204,2877185054,570502302
1473879151,125000204,2877168914,1250002
2203541451,57060020112,2877412707,570600201
59990010,59990010102,2877445868,599900101
510799,5107990101,2876189736,51079901
2083379802,5705240203,2877248908,570502402
501101,5011010102,2877201473,50110101
1974833501,57050210102,2877202138,570502101
1473879151,125000104,2877166938,1250001
2203541451,57060020111,2877271417,570600201
2070902401,142100101,2876201613,1421001
2042522755,141502202,2877230617,1415022
2843786501,5403001201,2876188357,540300102
2083379802,5705240201,2876246712,570502402
59990010,59990010101,2877291180,599900101
2076567801,136001201,2877295070,1360012
2083379802,5705240201,2876243969,570502402
2844734851,5227010102,2877183867,522700101
520202,5202020101,2877182081,52020201
2203541451,57060020213,2877195639,570600202
2203541451,57060020215,2877169389,570600202
2843786501,5403001203,2877214230,540300102
2435797501,17030010101,2876187588,170300101
2100452960,148702201,2876202946,1487022
59990010,59990010201,2877299321,599900102
2843786501,5403001203,2877214233,540300102
59990010,59990010204,2877173835,599900102
2843786501,5403001102,2877182071,540300101
2203541451,57060020111,2877271401,570600201
1473879154,125200102,2877193784,1252001
500301,5003010202,2877205374,50030102
2076567801,136001101,2877294272,1360011
2083379802,5705240203,2877248911,570502402
59990010,59990010205,2876208354,599900102
59990010,59990010101,2877290486,599900101
1473879152,125101101,2876194850,1251011
6020010,60200100101,2876220762,602001001
59990010,59990010101,2877290488,599900101
2042522752,141002103,2877230623,1410021
510703,5107030102,2877234211,51070301
5025530,5025530102,2877191865,50255301
2083379804,57050239201,2877456660,570502392
1473879151,125000202,2877199582,1250002
2843786501,5403001203,2877214234,540300102
2083379801,5705230201,2876236143,570502302
510708,5107080101,2876209384,
2083379801,5705230101,2876220781,570502301
2083379802,5705240202,2877225561,570502402
520202,5202020201,2877191058,52020202
59990010,59990010202,2877453283,599900102
2203541451,57060020113,2877186859,570600201
2004504753,57050360101,2876202950,570503601
501301,5013010101,2876202908,50130101
2203541451,57060020111,2877269716,570600201
2083379801,5705230101,2876220758,570502301
1620431251,171001101,2876196603,1710011
2203541451,57060020111,2877269729,570600201
1974833501,57050210203,2877234238,570502102
1974833501,57050210102,2877202136,570502101
10020011,10020011212,2877199830,100200112
1620431253,171500104,2877165483,1715001
520202,5202020103,2877213198,52020201
510708,5107080201,2876209388,
5025530,5025530203,2877227061,50255302
1974833501,57050210102,2877203045,570502101
59990010,59990010201,2877299313,599900102
521302,5213020101,2876202934,52130201
2083379802,5705240101,2876222278,570502401
520202,5202020103,2877213181,52020201
2203541451,57060020214,2877514203,570600202
10020012,10020012212,2877193756,100200122
2843786501,5403001203,2877214222,540300102
591000101,5910001010101,2876184888,59100010101
510703,5107030103,2876211508,51070301
2203541451,57060020113,2877188564,570600201
520202,5202020101,2877182903,52020201
2203541451,57060020212,2877426067,570600202
2703103901,134001201,2877286086,1340012
2203541451,57060020115,2877165472,570600201
2083379801,5705230201,2876240851,570502302
520202,5202020204,2876228964,52020202
5025530,5025530204,2877164234,50255302
2203541451,57060020213,2877195630,570600202
1473879157,125502203,2877228241,1255022
2203541451,57060020212,2877426091,570600202
59990010,59990010203,2877203002,599900102
1473879151,125000202,2877199573,1250002
1620431251,171001102,2877194814,1710011
1980349051,137000103,2877200665,1370001
510703,5107030202,2877237611,51070302
2076567808,136502203,2877201492,1365022
2083379801,5705230102,2877207646,570502301
2203541451,57060020214,2877514221,570600202
2083379802,5705240203,2877247678,570502402
2703103903,134003201,2877286082,1340032
6020010,60200100101,2876218583,602001001
1620431259,152201101,2876198000,1522011
1473879156,125501202,2877197956,1255012
1473879155,125300102,2877199817,1253001
1620431257,152000102,2877198715,1520001
59990010,59990010202,2877453282,599900102
2844734851,5227010101,2876187574,522700101
1620431258,152100201,2876197431,1521002
510703,5107030202,2877237624,51070302
1974833501,57050210202,2877205395,570502102
2203541451,57060020116,2876189709,570600201
520202,5202020204,2876227927,52020202
10020012,10020012113,2877162178,100200121
2203541451,57060020215,2877170065,570600202
2844734851,5227010101,2876187568,522700101
1620431261,152501201,2876199102,1525012
2203541451,57060020115,2877165480,570600201
2203541451,57060020211,2877281474,570600202
1974833501,57050210203,2877234229,570502102
2076567805,136300201,2876201650,1363002
59990010,59990010103,2877197240,599900101
2083379801,5705230203,2877244630,570502302
1620431258,152100103,2877166911,1521001
2083379801,5705230201,2876236130,570502302
2083379802,5705240101,2876226856,570502401
2203541451,57060020213,2877195641,570600202
59990010,59990010205,2876207410,599900102
59990010,59990010202,2877454101,599900102
1974833501,57050210101,2876203546,570502101
2100452952,148002101,2876200379,1480021
1473879151,125000101,2876197976,1250001
59990010,59990010202,2877454125,599900102
2551505855,140501101,2877279572,1405011
1473879156,125501102,2877194832,1255011
59990010,59990010204,2877173819,599900102
590514,5905140201,2876196144,59051402
10020011,10020011112,2877197997,100200111
2083379801,5705230101,2876216974,570502301
2203541451,57060020213,2877194841,570600202
501201,5012010201,2876202915,50120102
6020010,60200100101,2876218586,602001001
2083379802,5705240202,2877225569,570502402
10020011,10020011112,2877197996,100200111
59990010,59990010205,2876208356,599900102
510703,5107030203,2876212259,51070302
59990010,59990010205,2876207425,599900102
10020012,10020012211,2876193467,100200122
59990010,59990010105,2876200371,599900101
59990010,59990010102,2877444948,599900101
59990010,59990010102,2877444943,599900101
6020010,60200100101,2876219593,602001001
510703,5107030203,2876212260,51070302
59990010,59990010105,2876199645,599900101
2083379802,5705240102,2877210427,570502401
520202,5202020204,2876227923,52020202
2203541451,57060020116,2876189707,570600201
1620431260,152202102,2877198721,1522021
2203541451,57060020215,2877170063,570600202
10020011,10020011211,2876200831,100200112
2083379802,5705240101,2876225261,570502401
510710,5107100202,2876208399,51071002
59990010,59990010103,2877197226,599900101
520211,5202110102,2877205384,52021101
1620431253,171500101,2876196115,1715001
2438296403,17030062201,2876187578,170300622
1974833501,57050210103,2877232082,570502101
1620431263,152601201,2876199117,1526012
2203541451,57060020215,2877169391,570600202
2083379805,57050249102,2877202123,570502491
1620431260,152202201,2876198596,1522022
591000400,5910004000101,2876186671,59100040001
5105120,51051200101,2876185858,510512001
2083379801,5705230201,2876237498,570502302
2843786501,5403001203,2877214217,540300102
2203541451,57060020212,2877427419,570600202
2203541451,57060020111,2877269712,570600201
59990010,59990010202,2877454117,599900102
521302,5213020201,2876204805,52130202
2146245651,142001103,2877173804,1420011
10020011,10020011112,2877197994,100200111
2203541451,57060020116,2876188385,570600201
2083379805,57050249204,2877525887,570502492
92591861,925918610103,2877177824,9259186101
59990030,59990030103,2877163400,599900301
59990010,59990010105,2876199626,599900101
591000302,5910003020101,2876186652,59100030201
6020010,60200100201,2876233103,602001002
2203541451,57060020111,2877269731,570600201
2004504755,57050401102,2877200681,570504011
2083379801,5705230203,2877244613,570502302
1473879156,125501204,2877167316,1255012
2083379802,5705240203,2877248909,570502402
59990030,59990030103,2877163381,599900301
59990010,59990010104,2877167333,599900101
2083379801,5705230204,2877183897,570502302
1473879156,125501201,2876198565,1255012
2083379802,5705240204,2877188567,570502402
2083379801,5705230101,2876216985,570502301
520211,5202110203,2877176383,52021102
5025520,5025520101,2876187598,50255201
1974833501,57050210101,2876203548,570502101
1620431257,152000202,2877199596,1520002
520202,5202020103,2877213163,52020201
2203541451,57060020211,2877280268,570600202
2083379802,5705240201,2876243964,570502402
59990040,59990040101,2876192275,599900401
2083379801,5705230102,2877209202,570502301
521301,5213010201,2876202903,52130102
590601,5906010201,2876202920,59060102
2703103902,134002102,2877192687,1340021
59990010,59990010102,2877445893,599900101
2865013651,19190010201,2876192846,191900102
59990010,59990010104,2877168051,599900101
59990010,59990010103,2877197235,599900101
2435797501,17030010201,2876190779,170300102
2083379801,5705230101,2876216976,570502301
520202,5202020102,2877240207,52020201
1473879153,125102204,2877164242,1251022
2203541451,57060020113,2877186874,570600201
2083379805,57050249103,2876206611,570502491
1473879156,125501101,2876196646,1255011
5105120,51051200101,2876185867,510512001
2435797502,17030020102,2877185095,170300201
9259281,92592810201,2876211546,9259281002
10020012,10020012111,2876191428,100200121
2042522753,141100102,2877230619,1411001
520202,5202020102,2877240206,52020201
59990010,59990010201,2877300368,599900102
59990010,59990010102,2877444920,599900101
5025510,5025510104,2877160053,50255101
59990010,59990010201,2877300374,599900102
2083379802,5705240102,2877212005,570502401
2083379801,5705230104,2877178818,570502301
501101,5011010202,2877201496,50110102
2203541451,57060020115,2877164225,570600201
2083379802,5705240204,2877188553,570502402
520202,5202020204,2876228970,52020202
520202,5202020104,2876213232,52020201
59990010,59990010102,2877445870,599900101
5025510,5025510102,2877177827,50255101
2083379805,57050249205,2877174699,570502492
2083379802,5705240102,2877210409,570502401
1980349052,137101201,2876201636,1371012
10020012,10020012113,2877162173,100200121
59990010,59990010201,2877298394,599900102
520202,5202020202,2877247651,52020202
2083379805,57050249105,2877174680,570502491
1974833501,57050210102,2877204311,570502101
10020011,10020011211,2876201607,100200112
1620431261,152501201,2876199105,1525012
2203541451,57060020212,2877426087,570600202
59990010,59990010102,2877445871,599900101
520202,5202020203,2877224342,52020202
2551505852,140301101,2876206226,1403011
590600200,5906002000201,2876189733,59060020002
2083379802,5705240201,2876246744,570502402
2083379801,5705230202,2877218424,570502302
520202,5202020202,2877247674,52020202
2083379801,5705230201,2876237494,570502302
10020012,10020012111,2876191434,100200121
1974833501,57050210102,2877203005,570502101
520202,5202020104,2876213230,52020201
2076567801,136001101,2877294271,1360011
2203541451,57060020111,2877271405,570600201
2083379802,5705240104,2877178842,570502401
10020012,10020012213,2877164209,100200122
2203541451,57060020212,2877426075,570600202
2435797502,17030020202,2877186896,170300202
59990010,59990010201,2877299302,599900102
520202,5202020201,2877189958,52020202
591000501,5910005010201,2876186694,59100050102
2083379804,57050239202,2877204317,570502392
520202,5202020202,2877247663,52020202
2865013651,19190010101,2876191415,191900101
59990010,59990010203,2877203004,599900102
5025530,5025530202,2877193762,50255302
2083379801,5705230101,2876222269,570502301
520202,5202020103,2877214204,52020201
520202,5202020101,2877182074,52020201
1980349051,137000101,2877293546,1370001
92591851,925918510103,2877177808,9259185101
2083379802,5705240103,2877238867,570502401
2083379802,5705240103,2877238853,570502401
501101,5011010202,2877202101,50110102
2083379802,5705240101,2876226857,570502401
520202,5202020203,2877221298,52020202
1974833501,57050210202,2877205385,570502102
2083379802,5705240101,2876223942,570502401
2083379801,5705230101,2876222251,570502301
2083379801,5705230101,2876220756,570502301
2703103908,134301201,2877286077,1343012
59990010,59990010101,2877291154,599900101
1620431259,152201203,2877168073,1522012
5105150,51051500101,2876184882,510515001
59990010,59990010202,2877453299,599900102
520202,5202020101,2877182090,52020201
2083379801,5705230204,2877185055,570502302
510201,5102010103,2877172453,51020101
501102,5011020101,2876202316,50110201
2203541451,57060020214,2877514215,570600202
59990010,59990010104,2877167328,599900101
1473879157,125502102,2877194811,1255021
59990010,59990010102,2877445872,599900101
2203541451,57060020116,2876188380,570600201
2843786501,5403001101,2876185892,540300101
510752,5107520101,2876199101,51075201
10020011,10020011112,2877197989,100200111
520202,5202020101,2877182906,52020201
1473879154,125200101,2876196123,1252001
5025530,5025530104,2877162186,50255301
2435797501,17030010101,2876187582,170300101
510703,5107030101,2877177811,51070301
59990010,59990010101,2877291902,599900101
2004504751,57050300101,2876201644,570503001
2083379802,5705240104,2877178819,570502401
10020012,10020012212,2877192694,100200122
10020012,10020012112,2877192666,100200121
510703,5107030102,2877234209,51070301
6020010,60200100201,2876232715,602001002
5025530,5025530201,2876194834,50255302
2203541451,57060020115,2877164218,570600201
2843786501,5403001103,2877209241,540300101
520202,5202020201,2877191065,52020202
59990010,59990010105,2876199649,599900101
2865013651,19190010101,2876191411,191900101
2083379801,5705230201,2876239130,570502302
2083379802,5705240102,2877210401,570502401
59990010,59990010202,2877453289,599900102
10020011,10020011111,2876197959,100200111
59990010,59990010201,2877299339,599900102
1974833502,57050381202,2877299338,570503812
2203541451,57060020116,2876188388,570600201
1980349060,137502101,2876203522,1375021
2703103908,134301101,2877285149,1343011
2203541451,57060020216,2876193484,570600202
6020010,60200100201,2876232712,602001002
2083379801,5705230203,2877244639,570502302
1473879151,125000102,2877197980,1250001
520202,5202020203,2877223122,52020202
2083379802,5705240201,2876246734,570502402
59990010,59990010101,2877290497,599900101
2203541451,57060020211,2877281464,570600202
1473879156,125501101,2876196649,1255011
1620431257,152000202,2877199598,1520002
2203541451,57060020112,2877412728,570600201
2083379802,5705240201,2876243962,570502402
2083379801,5705230201,2876239133,570502302
520202,5202020201,2877189977,52020202
2703103904,134004201,2877285146,1340042
1473879154,125200101,2876196122,1252001
2203541451,57060020212,2877427411,570600202
2083379801,5705230203,2877246501,570502302
2083379802,5705240203,2877248905,570502402
2083379805,57050249104,2877524776,570502491
59990030,59990030102,2877192654,599900301
2203541451,57060020214,2877512900,570600202
5025530,5025530104,2877162188,50255301
2100452959,148600101,2876199130,1486001
1974833501,57050210103,2877232088,570502101
520202,5202020203,2877223120,52020202
520202,5202020102,2877238900,52020201
59990010,59990010103,2877197951,599900101
591000200,5910002000103,2877160065,59100020001
59990010,59990010105,2876200376,599900101
2435797501,17030010101,2876187583,170300101
520252,5202520102,2877206417,52025201
510703,5107030103,2876210846,51070301
2203541451,57060020212,2877426098,570600202
2203541451,57060020112,2877412710,570600201
2203541451,57060020113,2877188561,570600201
59990010,59990010202,2877453294,599900102
2083379803,57050219201,2877183885,570502192
2203541451,57060020112,2877412706,570600201
6020010,60200100101,2876218597,602001001
2083379802,5705240201,2876243988,570502402
590504,5905040101,2876204843,59050401
1974833501,57050210202,2877205393,570502102
520202,5202020101,2877182917,52020201
1473879152,125101103,2877227073,1251011
2042522755,141502203,2877171715,1415022
2083379801,5705230201,2876237486,570502302
59990010,59990010201,2877299345,599900102
1473879156,125501201,2876198568,1255012
2865013652,19190020201,2876192255,191900202
5025530,5025530202,2877193760,50255302
520202,5202020202,2877247658,52020202
2004504755,57050401201,2876202330,570504012
2042522751,141001104,2877199823,1410011
510703,5107030101,2877177809,51070301
2203541451,57060020112,2877412717,570600201
1473879151,125000104,2877166934,1250001
1620431257,152000201,2876198579,1520002
521302,5213020103,2877171742,52130201
2203541451,57060020112,2877412733,570600201
59990040,59990040101,2876192277,599900401
510707,5107070202,2877204350,51070702
500301,5003010203,2877233721,50030102
59990010,59990010205,2876207426,599900102
520202,5202020201,2877189972,52020202
1473879156,125501202,2877197960,1255012
1473879155,125300202,2877200686,1253002
2864046102,19180021101,2876190756,191800211
2083379801,5705230102,2877207621,570502301
10020011,10020011213,2877171702,100200112
2203541451,57060020112,2877411946,570600201
2203541451,57060020112,2877411949,570600201
510703,5107030202,2877237619,51070302
2203541451,57060020114,2877507522,570600201
1620431258,152100101,2876196633,1521001
520202,5202020204,2876228972,52020202
59990010,59990010203,2877202150,599900102
510708,5107080101,2876209382,
2083379805,57050249203,2876206640,570502492
2083379801,5705230104,2877177843,570502301
2083379801,5705230202,2877220039,570502302
2703103907,134200201,2876193456,1342002
2844734851,5227010202,2877183874,522700102
2083379801,5705230201,2876237475,570502302
5025530,5025530202,2877193758,50255302
500301,5003010203,2877233722,50030102
1974833501,57050210101,2876203544,570502101
10020011,10020011213,2877171707,100200112
10020011,10020011111,2876197952,100200111
2203541451,57060020116,2876188397,570600201
1473879156,125501102,2877194825,1255011
520202,5202020204,2876227936,52020202
520202,5202020104,2876214209,52020201
10020012,10020012113,2877162169,100200121
59990010,59990010203,2877203039,599900102
2843786501,5403001203,2877214220,540300102
2083379801,5705230102,2877209226,570502301
2083379802,5705240203,2877248904,570502402
520202,5202020201,2877188584,52020202
59990010,59990010202,2877453265,599900102
2203541451,57060020116,2876188386,570600201
6020010,60200100101,2876220772,602001001
2865013652,19190020101,2876191424,191900201
2545583951,140003101,2876203529,1400031
1974833501,57050210201,2876209359,570502102
2703103901,134001201,2877286094,1340012
2203541451,57060020212,2877426085,570600202
1974833501,57050210101,2876204819,570502101
6020010,60200100101,2876219585,602001001
2083379801,5705230101,2876222263,570502301
5025530,5025530202,2877193765,50255302
5025510,5025510201,2876184878,50255102
520202,5202020104,2876214232,52020201
2083379801,5705230101,2876220777,570502301
1473879151,125000204,2877168913,1250002
2083379804,57050239104,2877174662,570502391
2083379802,5705240101,2876225299,570502401
591000302,5910003020203,2877161063,59100030202
2083379801,5705230201,2876239136,570502302
1473879155,125300201,2876200842,1253002
520211,5202110201,2876210816,52021102
2203541451,57060020211,2877280279,570600202
1473879151,125000201,2876200391,1250002
2083379801,5705230204,2877185065,570502302
5025530,5025530101,2876191450,50255301
2203541451,57060020111,2877269720,570600201
2083379801,5705230103,2877235936,570502301
2100452954,148102201,2876197437,1481022
2083379802,5705240103,2877238870,570502401
59990010,59990010205,2876207439,599900102
520202,5202020201,2877189986,52020202
59990010,59990010105,2876199648,599900101
5105140,51051400201,2876186654,510514002
2203541451,57060020116,2876189711,570600201
5025530,5025530102,2877191872,50255301
1473879156,125501202,2877197955,1255012
520202,5202020202,2877246549,52020202
520212,5202120101,2876210811,52021201
520202,5202020102,2877240212,52020201
510708,5107080102,2877205363,
5025530,5025530101,2876191442,50255301
2203541451,57060020112,2877412725,570600201
5105031,51050310101,2876184865,510503101
510201,5102010101,2876204838,51020101
2203541451,57060020213,2877195610,570600202
1974833501,57050210102,2877203048,570502101
2863103351,1713001202,2877217478,171300102
510703,5107030201,2877180547,51070302
521302,5213020101,2876202940,52130201
591000501,5910005010203,2877161070,59100050102
2435797501,17030010101,2876187584,170300101
2865013651,19190010101,2876191412,191900101
2865013651,19190010202,2877192685,191900102
2203541451,57060020216,2876194811,570600202
2083379801,5705230101,2876219580,570502301
5025530,5025530201,2876194843,50255302
1974833501,57050210201,2876208398,570502102
1473879153,125102202,2877193788,1251022
2203541451,57060020213,2877194846,570600202
10020012,10020012212,2877192691,100200122
59990010,59990010102,2877444913,599900101
59990010,59990010205,2876208365,599900102
2083379802,5705240102,2877210438,570502401
520202,5202020104,2876213229,52020201
591000200,5910002000101,2876184887,59100020001
1974833501,57050210101,2876204830,570502101
1620431263,152601102,2877199557,1526011
5025530,5025530201,2876194838,50255302
59990010,59990010205,2876207422,599900102
2083379802,5705240201,2876245234,570502402
520202,5202020204,2876227933,52020202
2843786501,5403001202,2877182942,540300102
59990010,59990010205,2876207412,599900102
2070902401,142100103,2877169381,1421001
59990010,59990010205,2876207404,599900102
6020010,60200100101,2876219558,602001001
1974833501,57050210102,2877203037,570502101
59990010,59990010201,2877299316,599900102
59990010,59990010205,2876208371,599900102
6020010,60200100201,2876232736,602001002
2083379804,57050239204,2877174687,570502392
5025530,5025530102,2877191866,50255301
2004504755,57050401202,2877201455,570504012
521302,5213020201,2876204803,52130202
2083379801,5705230202,2877218416,570502302
2203541451,57060020115,2877165477,570600201
520211,5202110201,2876210821,52021102
2203541451,57060020112,2877412722,570600201
1473879151,125000101,2876197979,1250001
1473879156,125501202,2877197965,1255012
5105010,51050100201,2876184864,510501002
520202,5202020201,2877188589,52020202
2843786501,5403001102,2877182064,540300101
1974833501,57050210203,2877234222,570502102
10020011,10020011111,2876197961,100200111
2203541451,57060020112,2877412732,570600201
2083379802,5705240102,2877210410,570502401
2083379802,5705240201,2876245210,570502402
1473879155,125300201,2876200835,1253002
2083379802,5705240103,2877237638,570502401
59990010,59990010105,2876200365,599900101
5025530,5025530201,2876194832,50255302
2203541451,57060020211,2877281478,570600202
1473879155,125300202,2877200682,1253002
59990030,59990030103,2877163378,599900301
2203541451,57060020115,2877164219,570600201
1974833501,57050210102,2877204315,570502101
59990010,59990010104,2877168060,599900101
2083379802,5705240203,2877247699,570502402
2083379801,5705230204,2877186858,570502302
2203541451,57060020114,2877507541,570600201
2865013651,19190010201,2876192848,191900102
59990010,59990010204,2877173821,599900102
1473879158,125800201,2877288590,1258002
510703,5107030203,2876212261,51070302
2083379802,5705240101,2876225295,570502401
2100452953,148101201,2876197410,1481012
2203541451,57060020213,2877195622,570600202
2703103902,134002202,2877192696,1340022
2203541451,57060020213,2877194850,570600202
2076567802,136002102,2877200698,1360021
520202,5202020204,2876227947,52020202
59990040,59990040101,2876192298,599900401
520202,5202020102,2877240220,52020201
1473879152,125101103,2877227072,1251011
2203541451,57060020211,2877281481,570600202
2083379802,5705240104,2877178837,570502401
1473879156,125501104,2877166920,1255011
59990010,59990010203,2877203040,599900102
2203541451,57060020216,2876193473,570600202
520202,5202020202,2877246543,52020202
510707,5107070104,2877175653,51070701
1620431254,171600101,2876201608,1716001
2004504757,57050410202,2877200658,570504102
59990030,59990030102,2877192652,599900301
2083379801,5705230201,2876239146,570502302
2203541451,57060020111,2877271411,570600201
59990010,59990010104,2877167350,599900101
1974833502,57050381102,2877296983,570503811
6020010,60200100201,2876232706,602001002
2203541451,57060020111,2877271409,570600201
5025530,5025530104,2877162187,50255301
591000200,5910002000201,2876185856,59100020002
59990010,59990010203,2877204308,599900102
2203541451,57060020111,2877269736,570600201
1980349052,137101202,2877200669,1371012
5025510,5025510103,2877207606,50255101
5101010,51010100102,2877177832,510101001
5101010,51010100201,2876184874,510101002
1473879151,125000204,2877168922,1250002
1620431256,171800101,2876199121,1718001
520202,5202020202,2877247660,52020202
5025510,5025510201,2876184880,50255102
2545581501,140001204,2877171746,1400012
2083379801,5705230102,2877209220,570502301
2083379802,5705240101,2876226863,570502401
520202,5202020104,2876214224,52020201
520202,5202020202,2877247676,52020202
59990010,59990010102,2877445884,599900101
10020011,10020011111,2876197446,100200111
1974833501,57050210101,2876203545,570502101
1473879154,125200104,2877164248,1252001
59990010,59990010102,2877444932,599900101
59990030,59990030103,2877164201,599900301
59990010,59990010202,2877454124,599900102
2083379801,5705230201,2876237479,570502302
2083379801,5705230103,2877235934,570502301
6020010,60200100201,2876231900,602001002
2083379805,57050249203,2877232095,570502492
2076567802,136002104,2877171719,1360021
5101010,51010100202,2877177836,510101002
5025530,5025530102,2877191873,50255301
1473879151,125000103,2877228986,1250001
2076567803,136003101,2877300381,1360031
2083379801,5705230101,2876216986,570502301
6020010,60200100101,2876220771,602001001
500301,5003010201,2876209389,50030102
2004504755,57050401103,2877230628,570504011
2083379801,5705230202,2877221256,570502302
2083379801,5705230202,2877221253,570502302
2083379802,5705240203,2877248921,570502402
59990010,59990010203,2877203044,599900102
2863103351,1713001102,2877217473,171300101
1473879156,125501101,2876196642,1255011
5025530,5025530204,2877164241,50255302
1620431257,152000101,2876197417,1520001
2545583951,140003201,2876203539,1400032
2004504751,57050300201,2876202312,570503002
1974833501,57050210104,2877172475,570502101
2203541451,57060020212,2877427418,570600202
2083379802,5705240101,2876223939,570502401
2551505854,140303102,2877201490,1403031
520202,5202020204,2876228963,52020202
520202,5202020201,2877188599,52020202
2083379801,5705230102,2877207645,570502301
1473879152,125101102,2877193776,1251011
520202,5202020103,2877213192,52020201
59990010,59990010203,2877202142,599900102
59990010,59990010201,2877299301,599900102
1974833501,57050210201,2876209362,570502102
1620431251,171001201,2876196621,1710012
2865013651,19190010101,2876191410,191900101
2545581503,140104101,2877352366,1401041
2083379801,5705230101,2876216983,570502301
520211,5202110101,2876210802,52021101
10020012,10020012113,2877162172,100200121
520202,5202020104,2876213239,52020201
2083379802,5705240102,2877210442,570502401
2083379802,5705240104,2877180506,570502401
2545581504,140106101,2876206201,1401061
500301,5003010201,2876209396,50030102
521302,5213020201,2876204812,52130202
1620431252,171002101,2876196104,1710021
1980349051,137000203,2877200674,1370002
2435797501,17030010203,2877218404,170300102
2083379803,57050219102,2877161078,570502191
521302,5213020202,2877202107,52130202
1974833501,57050210201,2876209364,570502102
6020010,60200100101,2876219567,602001001
1473879152,125101101,2876196103,1251011
5025530,5025530203,2877227058,50255302
6020010,60200100201,2876232702,602001002
59990010,59990010203,2877203029,599900102
2083379802,5705240201,2876245219,570502402
10020012,10020012212,2877192699,100200122
10020011,10020011111,2876197956,100200111
2083379802,5705240104,2877180518,570502401
2203541451,57060020112,2877412743,570600201
2703103903,134003201,2877286081,1340032
2042522751,141001201,2876201618,1410012
5105120,51051200101,2876185865,510512001
520202,5202020202,2877247672,52020202
591000200,5910002000201,2876185854,59100020002
59990030,59990030101,2876192831,599900301
1974833501,57050210102,2877202144,570502101
2865013651,19190010202,2877192679,191900102
2083379802,5705240202,2877223118,570502402
2843786501,5403001103,2877209237,540300101
2203541451,57060020115,2877164230,570600201
2203541451,57060020112,2877412750,570600201
2083379801,5705230101,2876219595,570502301
510703,5107030101,2877176398,51070301
2083379801,5705230202,2877218429,570502302
1473879157,125502101,2876196616,1255021
1473879154,125200103,2877227088,1252001
59990010,59990010105,2876200355,599900101
520202,5202020202,2877247654,52020202
590601,5906010101,2876202912,59060101
10020012,10020012212,2877193757,100200122
2083379801,5705230201,2876237454,570502302
520202,5202020102,2877238891,52020201
2203541451,57060020212,2877427409,570600202
59990010,59990010203,2877202135,599900102
2203541451,57060020213,2877195615,570600202
510703,5107030202,2877237627,51070302
2083379801,5705230201,2876237459,570502302
520202,5202020104,2876214220,52020201
59990030,59990030101,2876192815,599900301
5101010,51010100101,2876184856,510101001
2083379804,57050239102,2877203027,570502391
2146245652,142002201,2876209379,1420022
1974833501,57050210101,2876204823,570502101
2545581505,140107202,2877231201,1401072
1974833501,57050210101,2876204827,570502101
2203541451,57060020216,2876193494,570600202
2083379802,5705240204,2877189960,570502402
2083379802,5705240102,2877210417,570502401
59990010,59990010202,2877454127,599900102
2076567801,136001201,2877295075,1360012
2435797501,17030010203,2877218403,170300102
580105,5801050201,2876206643,58010502
2203541451,57060020212,2877426072,570600202
2203541451,57060020211,2877281463,570600202
2083379802,5705240202,2877225558,570502402
520202,5202020103,2877213188,52020201
500301,5003010202,2877205368,50030102
2203541451,57060020114,2877507532,570600201
2111014951,148511101,2877204341,1485111
59990010,59990010203,2877203049,599900102
590514,5905140101,2876196143,59051401
2703103901,134001101,2877285121,1340011
500301,5003010201,2876209394,50030102
6020010,60200100201,2876232743,602001002
1473879156,125501201,2876198572,1255012
1974833501,57050210101,2876203547,570502101
1473879151,125000203,2877230280,1250002
59990010,59990010104,2877167343,599900101
2042522752,141002101,2876202301,1410021
2083379802,5705240102,2877210449,570502401
59990010,59990010101,2877290500,599900101
5025510,5025510103,2877207605,50255101
2083379801,5705230101,2876220795,570502301
59990010,59990010201,2877300376,599900102
2203541451,57060020213,2877195635,570600202
1473879156,125501102,2877194824,1255011
1620431256,171800102,2877199587,1718001
2083379801,5705230201,2876237488,570502302
2843786501,5403001202,2877182936,540300102
2203541451,57060020115,2877165488,570600201
2203541451,57060020114,2877507511,570600201
2083379801,5705230103,2877235937,570502301
2070902401,142100101,2876201614,1421001
1620431253,171500102,2877436009,1715001
591000302,5910003020103,2877160084,59100030201
6020010,60200100201,2876232710,602001002
520202,5202020201,2877189993,52020202
1974833501,57050210203,2877234241,570502102
2203541451,57060020211,2877280286,570600202
2076567801,136001101,2877294281,1360011
500301,5003010202,2877205370,50030102
2004504755,57050401201,2876202328,570504012
2083379805,57050249204,2877525886,570502492
2083379802,5705240104,2877178846,570502401
510703,5107030103,2876210840,51070301
1473879156,125501101,2876196639,1255011
2083379801,5705230104,2877178847,570502301
2083379801,5705230101,2876219591,570502301
59990010,59990010203,2877202148,599900102
2083379801,5705230203,2877244608,570502302
520202,5202020204,2876227930,52020202
2083379803,57050219102,2877161077,570502191
2083379801,5705230201,2876239117,570502302
2083379801,5705230201,2876236129,570502302
2843786501,5403001102,2877182073,540300101
1974833501,57050210103,2877232080,570502101
2100452963,148900101,2876202931,1489001
59990010,59990010205,2876207441,599900102
2004504755,57050401202,2877201459,570504012
2083379802,5705240102,2877212016,570502401
2083379801,5705230104,2877178838,570502301
2083379801,5705230101,2876216984,570502301
59990010,59990010201,2877299306,599900102
1473879152,125101101,2876194848,1251011
9259281,92592810101,2876211537,9259281001
2004504751,57050300102,2877200673,570503001
2083379801,5705230102,2877209209,570502301
510703,5107030201,2877180545,51070302
2083379801,5705230201,2876237497,570502302
2203541451,57060020214,2877514210,570600202
510703,5107030102,2877234212,51070301
59990010,59990010105,2876199624,599900101
2083379801,5705230103,2877235902,570502301
520202,5202020102,2877240216,52020201
59990010,59990010202,2877453284,599900102
59990010,59990010104,2877168069,599900101
591000302,5910003020203,2877161059,59100030202
520202,5202020202,2877247662,52020202
520202,5202020104,2876213233,52020201
501102,5011020101,2876202314,50110201
1974833501,57050210104,2877172483,570502101
1620431257,152000202,2877199600,1520002
59990010,59990010202,2877454119,599900102
2083379801,5705230203,2877244634,570502302
2083379802,5705240202,2877223132,570502402
2703103911,134500202,2876194822,1345002
2203541451,57060020114,2877507538,570600201
2076567802,136002204,2877171726,1360022
1974833501,57050210104,2877172467,570502101
2083379801,5705230103,2877235942,570502301
2083379801,5705230102,2877207620,570502301
2083379801,5705230201,2876239148,570502302
503101,5031010101,2876206240,50310101
510703,5107030202,2877237618,51070302
2203541451,57060020115,2877165473,570600201
1980349051,137000201,2877294290,1370002
1974833501,57050210103,2877232083,570502101
5025530,5025530101,2876192251,50255301
1620431256,171800104,2877168945,1718001
59990010,59990010201,2877299330,599900102
59990010,59990010102,2877444907,599900101
10020012,10020012112,2877192676,100200121
2083379802,5705240204,2877189981,570502402
2083379804,57050239101,2877456191,570502391
1473879157,125502103,2877228236,1255021
1974833502,57050381102,2877296990,570503811
2865013651,19190010102,2877191878,191900101
521302,5213020202,2877202108,52130202
2083379805,57050249204,2877525884,570502492
5025510,5025510204,2877160055,50255102
2083379802,5705240101,2876222286,570502401
1473879155,125300101,2876199138,1253001
591000301,5910003010201,2876186660,59100030102
590503,5905030201,2876206216,59050302
2083379802,5705240101,2876225258,570502401
5025530,5025530102,2877191864,50255301
2083379801,5705230201,2876236132,570502302
59990010,59990010105,2876199610,599900101
2203541451,57060020115,2877164227,570600201
2076567805,136300201,2876201649,1363002
6020010,60200100101,2877188594,602001001
1620431258,152100101,2876196636,1521001
520202,5202020204,2876227928,52020202
2083379802,5705240103,2877238865,570502401
2863103351,1713001102,2877217475,171300101
2083379802,5705240102,2877212014,570502401
2083379801,5705230101,2876219600,570502301
1473879155,125300101,2876199144,1253001
2083379801,5705230203,2877244650,570502302
520211,5202110201,2876210817,52021102
2083379802,5705240201,2876245248,570502402
591000302,5910003020101,2876186651,59100030201
2203541451,57060020212,2877426093,570600202
2083379802,5705240201,2876246747,570502402
520202,5202020202,2877246546,52020202
2083379802,5705240101,2876225272,570502401
2042522752,141002102,2877200696,1410021
2203541451,57060020216,2876194813,570600202
59990010,59990010101,2877291190,599900101
2203541451,57060020115,2877165456,570600201
5025510,5025510201,2876184879,50255102
1473879158,125800101,2877287843,1258001
1620431261,152501102,2877199552,1525011
2703103904,134004101,2877285133,1340041
503101,5031010201,2876206628,50310102
2551505854,140303201,2876206220,1403032
1974833501,57050210102,2877204314,570502101
520202,5202020102,2877240223,52020201
2843786501,5403001102,2877182065,540300101
2083379802,5705240104,2877178840,570502401
2083379805,57050249201,2877456668,570502492
1974833501,57050210201,2876209354,570502102
1620431258,152100201,2876197428,1521002
2703103908,134301202,2876193459,1343012
1473879155,125300104,2877169354,1253001
1473879151,125000103,2877228988,1250001
5025530,5025530202,2877193764,50255302
590502,5905020101,2876204846,59050201
2083379801,5705230101,2876222254,570502301
510703,5107030102,2877234206,51070301
2203541451,57060020214,2877512892,570600202
2083379801,5705230201,2876239108,570502302
2076567803,136003101,2877300382,1360031
2203541451,57060020211,2877280297,570600202
591000102,5910001020101,2877182925,59100010201
2083379801,5705230101,2876220780,570502301
2438296402,17030061202,2877183870,170300612
2203541451,57060020112,2877414652,570600201
510703,5107030101,2877177805,51070301
2843786501,5403001103,2877209244,540300101
9259281,92592810201,2876211547,9259281002
2203541451,57060020111,2877269739,570600201
2203541451,57060020215,2877170067,570600202
591000101,5910001010201,2876185873,59100010102
520202,5202020101,2877182079,52020201
510708,5107080101,2876209381,
2083379801,5705230101,2876217000,570502301
2545581505,140107203,2877172474,1401072
92591851,925918510201,2876211532,9259185102
2203541451,57060020114,2877507535,570600201
1620431260,152202101,2876198555,1522021
510703,5107030203,2876212257,51070302
6020010,60200100101,2876219559,602001001
2203541451,57060020212,2877426096,570600202
2083379802,5705240201,2876243977,570502402
5025530,5025530201,2876194839,50255302
520202,5202020104,2876214217,52020201
59990030,59990030102,2877191897,599900301
59990010,59990010102,2877445866,599900101
6020010,60200100101,2876218565,602001001
1473879155,125300102,2877199813,1253001
2435797502,17030020101,2876190773,170300201
2703103905,134101101,2876191405,1341011
2083379802,5705240201,2876246743,570502402
2083379802,5705240203,2877247693,570502402
10020011,10020011211,2876200827,100200112
2083379801,5705230202,2877218445,570502302
1620431256,171800101,2876199120,1718001
2076567803,136003101,2877300385,1360031
10020011,10020011213,2877170096,100200112
520202,5202020201,2877191063,52020202
2042522753,141100201,2877200657,1411002
2203541451,57060020211,2877281469,570600202
1620431265,152700101,2876199113,1527001
5101010,51010100101,2876184855,510101001
59990010,59990010204,2877173812,599900102
5025530,5025530204,2877164239,50255302
2083379801,5705230204,2877185059,570502302
2203541451,57060020115,2877165479,570600201
520202,5202020101,2877182083,52020201
2203541451,57060020213,2877195603,570600202
1620431253,171500203,2877194807,1715002
2083379802,5705240101,2876223910,570502401
59990010,59990010204,2877173845,599900102
2203541451,57060020213,2877195608,570600202
1620431265,152700201,2876199125,1527002
1974833501,57050210104,2877172494,570502101
520202,5202020103,2877213184,52020201
2703103903,134003101,2877285140,1340031
59990010,59990010201,2877299318,599900102
1974833501,57050210203,2877234233,570502102
501102,5011020201,2876202334,50110202
1974833501,57050210104,2877172497,570502101
591000302,5910003020202,2877183856,59100030202
2083379801,5705230203,2877244607,570502302
2083379802,5705240201,2876246741,570502402
59990010,59990010101,2877290481,599900101
2203541451,57060020212,2877426094,570600202
59990040,59990040101,2876192299,599900401
5102012,51020120201,2876184867,510201202
2083379802,5705240101,2876223912,570502401
520202,5202020104,2876214212,52020201
2545583952,140004201,2876203550,1400042
2083379801,5705230204,2877185075,570502302
2083379801,5705230201,2876236140,570502302
2203541451,57060020115,2877165481,570600201
2083379802,5705240102,2877210448,570502401
1473879153,125102203,2877227081,1251022
2083379802,5705240202,2877224331,570502402
2203541451,57060020116,2876188373,570600201
2083379802,5705240101,2876226853,570502401
2083379802,5705240204,2877188569,570502402
2083379802,5705240201,2876248253,570502402
520202,5202020103,2877213154,52020201
2083379802,5705240201,2876245224,570502402
2083379801,5705230101,2876220800,570502301
1620431261,152501101,2876198593,1525011
59990010,59990010203,2877203025,599900102
2004504755,57050401204,2877171722,570504012
1473879156,125501102,2877194823,1255011
520202,5202020101,2877182080,52020201
5025510,5025510101,2876184861,50255101
2004504755,57050401102,2877200680,570504011
520202,5202020102,2877240209,52020201
2083379802,5705240201,2876245223,570502402
520211,5202110103,2877175685,52021101
59990010,59990010203,2877203038,599900102
2083379802,5705240201,2876246738,570502402
59990010,59990010102,2877445851,599900101
5025530,5025530101,2876192252,50255301
59990010,59990010204,2877173814,599900102
10020012,10020012211,2876193462,100200122
520202,5202020201,2877188592,52020202
2083379802,5705240101,2876225270,570502401
1620431263,152601103,2877168940,1526011
1620431266,152800203,2877169367,1528001
510703,5107030101,2877177815,51070301
591000302,5910003020201,2876186664,59100030202
6020010,60200100201,2876233107,602001002
5101010,51010100201,2876184875,510101002
59990010,59990010204,2877174656,599900102
1473879155,125300101,2876199141,1253001
5105010,51050100201,2876184863,510501002
2083379801,5705230102,2877209225,570502301
5025510,5025510104,2877160052,50255101
2083379802,5705240101,2876225285,570502401
2083379802,5705240104,2877177841,570502401
59990010,59990010201,2877299311,599900102
2703103902,134002203,2877227069,1340022
1620431265,152700201,2876199124,1527002
1620431257,152000203,2877168935,1520002
1473879155,125300201,2876200844,1253002
510762,5107620102,2877200653,51076201
520202,5202020104,2876214211,52020201
5025530,5025530102,2877191868,50255301
92591851,925918510101,2876211526,9259185101
2203541451,57060020116,2876189703,570600201
510703,5107030201,2877180541,51070302
1620431258,152100201,2876197435,1521002
1980349052,137101205,2877170088,1371012
2076567803,136003101,2877300379,1360031
2203541451,57060020211,2877280288,570600202
520251,5202510201,2876211509,52025102
59990010,59990010104,2877167344,599900101
2083379802,5705240202,2877224341,570502402
1473879157,125502104,2877165494,1255021
2083379801,5705230202,2877220001,570502302
59990010,59990010203,2877203021,599900102
2083379802,5705240201,2876246739,570502402
2083379801,5705230203,2877244633,570502302
6020010,60200100101,2876219561,602001001
2083379805,57050249104,2877524793,570502491
1473879153,125102202,2877193790,1251022
1620431263,152601201,2876199118,1526012
520202,5202020103,2877213174,52020201
2083379801,5705230104,2877178815,570502301
2083379801,5705230103,2877235908,570502301
2551505855,140501205,2877161076,1405012
59990010,59990010202,2877451643,599900102
2083379801,5705230202,2877221260,570502302
59990010,59990010205,2876208358,599900102
2083379802,5705240203,2877247689,570502402
1620431258,152100201,2876197432,1521002
520202,5202020202,2877247668,52020202
1473879153,125102204,2877164245,1251022
2083379802,5705240201,2876245231,570502402
510703,5107030203,2876212267,51070302
2083379801,5705230103,2877235906,570502301
5025530,5025530104,2877162184,50255301
2203541451,57060020216,2876193496,570600202
59990010,59990010102,2877445885,599900101
59990010,59990010104,2877168070,599900101
1473879154,125200103,2877227086,1252001
5025530,5025530201,2876194845,50255302
2703103902,134002104,2877162164,1340021
2203541451,57060020215,2877169400,570600202
2083379802,5705240202,2877224350,570502402
520202,5202020104,2876213237,52020201
59990010,59990010104,2877167341,599900101
2435797501,17030010103,2877217485,170300101
1473879156,125501201,2876198564,1255012
520202,5202020204,2876226897,52020202
1620431257,152000103,2877167305,1520001
520202,5202020204,2876227929,52020202
2203541451,57060020115,2877165457,570600201
510703,5107030202,2877237622,51070302
591000302,5910003020101,2876185900,59100030201
2083379801,5705230101,2876219570,570502301
590514,5905140101,2876196142,59051401
521302,5213020101,2876202937,52130201
1620431251,171001103,2877165496,1710011
2083379802,5705240201,2876245235,570502402
1620431254,171600101,2876201610,1716001
1620431256,171800204,2877169353,1718002
2203541451,57060020211,2877280276,570600202
59990010,59990010102,2877444950,599900101
10020012,10020012112,2877192667,100200121
2004504751,57050300101,2876201643,570503001
2083379802,5705240104,2877177848,570502401
1473879151,125000101,2876197985,1250001
2083379802,5705240102,2877210430,570502401
2083379802,5705240201,2876243956,570502402
2083379804,57050239102,2877203016,570502391
59990010,59990010102,2877444918,599900101
1473879156,125501203,2877229448,1255012
2203541451,57060020116,2876188394,570600201
2083379802,5705240201,2876245221,570502402
1473879154,125200204,2877165489,1252002
2083379802,5705240203,2877248916,570502402
1473879151,125000203,2877230272,1250002
2083379801,5705230104,2877177850,570502301
2551505856,140502201,2877279590,1405022
2083379801,5705230102,2877207641,570502301
510751,5107510101,2876197407,51075101
2703103901,134001201,2877286089,1340012
2083379802,5705240102,2877210425,570502401
510703,5107030103,2876210823,51070301
10020012,10020012113,2877162175,100200121
2083379802,5705240103,2877238879,570502401
1473879151,125000104,2877166942,1250001
2042522755,141502101,2877200662,1415021
520202,5202020103,2877213169,52020201
2083379802,5705240201,2876243985,570502402
59990010,59990010102,2877444942,599900101
520202,5202020203,2877224326,52020202
1473879151,125000102,2877197972,1250001
2203541451,57060020214,2877512889,570600202
510703,5107030203,2876212263,51070302
1980349060,137502101,2876203521,1375021
2083379802,5705240201,2876243980,570502402
59990010,59990010104,2877168054,599900101
2843786501,5403001201,2876188354,540300102
510714,5107140201,2876209375,51071402
590603,5906030201,2876189745,59060302
2083379801,5705230204,2877185062,570502302
522101,5221010105,2876206616,52210101
2083379801,5705230202,2877218443,570502302
510201,5102010201,2876204850,51020102
2076567808,136502103,2877201488,1365021
520202,5202020104,2876213225,52020201
2435797501,17030010103,2877217484,170300101
501201,5012010101,2876202347,50120101
1473879153,125102203,2877227078,1251022
2083379802,5705240104,2877180522,570502401
520202,5202020203,2877223101,52020202
510703,5107030203,2876212279,51070302
1620431257,152000102,2877198709,1520001
2203541451,57060020214,2877514212,570600202
59990010,59990010104,2877167329,599900101
2203541451,57060020115,2877164221,570600201
6020010,60200100201,2876232733,602001002
2083379804,57050239103,2877231247,570502391
5105040,51050400101,2877160051,510504001
1974833501,57050210202,2877205396,570502102
59990010,59990010103,2877195649,599900101
510703,5107030102,2877234210,51070301
2083379801,5705230104,2877180508,570502301
1974833501,57050210104,2877172496,570502101
2865013652,19190020201,2876192258,191900202
1620431256,171800201,2876199132,1718002
1620431258,152100102,2877194834,1521001
2083379802,5705240201,2876245215,570502402
520202,5202020203,2877223105,52020202
59990030,59990030102,2877192657,599900301
2203541451,57060020213,2877195632,570600202
2203541451,57060020214,2877512881,570600202
2042522752,141002201,2876202321,1410022
5105150,51051500101,2876184883,510515001
59990030,59990030103,2877163386,599900301
1473879151,125000102,2877197977,1250001
2083379805,57050249104,2877524786,570502491
2083379801,5705230201,2876239126,570502302
510713,5107130201,2876184851,51071302
500301,5003010201,2876209392,50030102
510703,5107030103,2876210826,51070301
59990010,59990010105,2876199612,599900101
2083379802,5705240102,2877210436,570502401
2435797501,17030010201,2876190784,170300102
10020011,10020011111,2876197450,100200111
1620431263,152601203,2877168942,1526012
1620431258,152100202,2877195642,1521002
2083379801,5705230102,2877207650,570502301
59990010,59990010201,2877300354,599900102
2100452958,148502101,2876197438,1485021
2083379802,5705240102,2877210420,570502401
1980349051,137000201,2877294293,1370002
510716,5107160101,2877355305,51071601
2203541451,57060020116,2876188370,570600201
59990030,59990030101,2876192835,599900301
10020012,10020012212,2877193755,100200122
2865013652,19190020201,2876192257,191900202
590600200,5906002000101,2876187562,59060020001
2203541451,57060020113,2877185087,570600201
5025530,5025530203,2877227057,50255302
2083379801,5705230101,2876216977,570502301
2843786501,5403001201,2876188361,540300102
6020010,60200100101,2876219590,602001001
1974833502,57050381202,2877299346,570503812
520202,5202020202,2877246547,52020202
2083379801,5705230201,2876236148,570502302
2203541451,57060020216,2876194814,570600202
2551505855,140501202,2876189738,1405012
59990030,59990030103,2877163372,599900301
510710,5107100101,2877261552,51071001
2083379802,5705240101,2876225254,570502401
2083379802,5705240203,2877247681,570502402
2083379802,5705240204,2877188557,570502402
1620431257,152000101,2876197415,1520001
2545581505,140107101,2876206206,1401071
10020011,10020011211,2876201606,100200112
1974833501,57050210101,2876203537,570502101
2042522755,141502102,2877230612,1415021
1620431257,152000203,2877168932,1520002
2083379804,57050239102,2877203020,570502391
2843786501,5403001203,2877214225,540300102
1473879155,125300104,2877169356,1253001
2083379802,5705240103,2877238851,570502401
2203541451,57060020113,2877186872,570600201
59990010,59990010205,2876207423,599900102
520202,5202020203,2877223135,52020202
1473879155,125300204,2877169372,1253002
2083379801,5705230104,2877178832,570502301
10020011,10020011212,2877199831,100200112
2083379802,5705240104,2877178825,570502401
6020010,60200100201,2876232722,602001002
591000501,5910005010101,2876186675,59100050101
59990010,59990010102,2877444927,599900101
6020010,60200100201,2876232740,602001002
1473879151,125000101,2876197977,1250001
1473879152,125101201,2876196612,1251012
1974833501,57050210203,2877234235,570502102
59990010,59990010105,2876199620,599900101
1620431257,152000101,2876197424,1520001
2435797501,17030010103,2877217486,170300101
2083379802,5705240103,2877238874,570502401
10020012,10020012111,2876191436,100200121
520212,5202120201,2876210834,52021202
2203541451,57060020214,2877514205,570600202
2076567805,136300201,2876201648,1363002
510703,5107030101,2877176397,51070301
1473879156,125501103,2877228955,1255011
2864046102,19180021101,2876190755,191800211
59990010,59990010202,2877454133,599900102
591000501,5910005010101,2876186674,59100050101
520202,5202020101,2877182909,52020201
59990010,59990010202,2877451648,599900102
521301,5213010201,2876202902,52130102
2070902402,142400201,2876200834,1424002
59990030,59990030103,2877163373,599900301
2203541451,57060020113,2877185080,570600201
2083379801,5705230202,2877218414,570502302
59990030,59990030101,2876192295,599900301
10020012,10020012211,2876193461,100200122
2004504755,57050401101,2876202306,570504011
10020012,10020012211,2876193465,100200122
59990010,59990010103,2877197202,599900101
2083379801,5705230204,2877185067,570502302
59990010,59990010201,2877299348,599900102
2435797501,17030010203,2877217498,170300102
1473879153,125102204,2877164243,1251022
59990010,59990010205,2876208368,599900102
2076567802,136002104,2877171720,1360021
59990010,59990010201,2877298391,599900102
1473879159,125900201,2877293516,1259002
2083379802,5705240104,2877178821,570502401
1620431261,152501201,2876199103,1525012
1620431257,152000203,2877168938,1520002
2203541451,57060020211,2877281480,570600202
1473879153,125102202,2877193789,1251022
2083379802,5705240103,2877237644,570502401
510708,5107080102,2877205362,
59990010,59990010102,2877444934,599900101
59990010,59990010205,2876208361,599900102
2083379801,5705230201,2876237474,570502302
2111014951,148511203,2877174691,1485112
2083379801,5705230202,2877218442,570502302
2083379802,5705240104,2877180519,570502401
1473879152,125101102,2877193774,1251011
2203541451,57060020215,2877170077,570600202
5105120,51051200101,2876185860,510512001
510751,5107510201,2876197408,51075102
2111014954,142300201,2876206221,1423002
2083379804,57050239105,2876206605,570502391
1473879156,125501202,2877197959,1255012
59990040,59990040101,2876192292,599900401
2083379802,5705240202,2877223121,570502402
2438296404,17030063101,2876190798,170300631
2083379801,5705230104,2877178828,570502301
5025530,5025530204,2877164226,50255302
2203541451,57060020114,2877507542,570600201
2083379801,5705230101,2876219568,570502301
2083379801,5705230204,2877185093,570502302
510792,5107920201,2877200671,51079202
520202,5202020201,2877188574,52020202
591000301,5910003010101,2876185869,59100030101
2100452961,148801201,2876203510,1488012
59990010,59990010102,2877445890,599900101
2843786501,5403001102,2877182060,540300101
1620431266,152800203,2877169368,1528001
1473879154,125200201,2876196145,1252002
2083379802,5705240101,2876223902,570502401
59990010,59990010205,2876207442,599900102
1473879159,125900101,2877292643,1259001
520202,5202020104,2876214215,52020201
520202,5202020104,2876213222,52020201
5025530,5025530103,2877223150,50255301
6020010,60200100201,2876232729,602001002
510703,5107030201,2877180549,51070302
2865013651,19190010102,2877191886,191900101
1473879156,125501101,2876197402,1255011
1974833501,57050210201,2876208396,570502102
10020011,10020011112,2877197998,100200111
2083379802,5705240104,2877178827,570502401
1473879156,125501203,2877229439,1255012
1473879151,125000203,2877230274,1250002
59990040,59990040101,2876192286,599900401
590102,5901020101,2876186695,59010201
59990010,59990010202,2877454108,599900102
1974833501,57050210101,2876204828,570502101
59990010,59990010105,2876200366,599900101
59990010,59990010203,2877202149,599900102
2203541451,57060020112,2877412718,570600201
2083379802,5705240101,2876222283,570502401
520202,5202020204,2876227924,52020202
59990010,59990010102,2877445859,599900101
5105032,51050320101,2876184869,510503201
591000302,5910003020103,2877160086,59100030201
2083379805,57050249105,2877174684,570502491
59990010,59990010101,2877291168,599900101
1974833501,57050210201,2876209352,570502102
2100452963,148900201,2876202944,1489002
59990010,59990010203,2877203012,599900102
2083379801,5705230204,2877185063,570502302
59990010,59990010103,2877197224,599900101
520202,5202020103,2877213167,52020201
2083379801,5705230201,2876237460,570502302
510708,5107080201,2876209387,
59990010,59990010204,2877173809,599900102
5105070,51050700201,2877269178,510507002
510708,5107080202,2877205364,
2864046102,19180021101,2876190753,191800211
2083379805,57050249204,2877525885,570502492
1473879151,125000204,2877168916,1250002
520202,5202020103,2877214208,52020201
2083379801,5705230204,2877183899,570502302
2203541451,57060020115,2877165468,570600201
2083379802,5705240101,2876226855,570502401
520211,5202110101,2876210807,52021101
10020011,10020011211,2876200833,100200112
521302,5213020203,2877172463,52130202
590403,5904030101,2876202905,59040301
2083379801,5705230101,2876220790,570502301
501102,5011020201,2876202335,50110202
2083379804,57050239202,2877204320,570502392
590102,5901020201,2876186696,59010202
6020010,60200100101,2876218589,602001001
520202,5202020202,2877247669,52020202
2100452960,148702201,2876202947,1487022
2703103911,134500201,2877286099,1345002
591000301,5910003010101,2876185870,59100030101
2083379802,5705240203,2877247690,570502402
1620431259,152201203,2877168074,1522012
1473879156,125501204,2877167312,1255012
510703,5107030102,2877234203,51070301
59990010,59990010105,2876199640,599900101
59990010,59990010105,2876200369,599900101
2203541451,57060020111,2877269726,570600201
2111075851,142500101,2876206222,1425001
2083379801,5705230104,2877180515,570502301
591000501,5910005010203,2877161071,59100050102
1974833501,57050210102,2877202141,570502101
2703103910,134400101,2876193452,1344001
2083379805,57050249104,2877524777,570502491
6020010,60200100201,2876233112,602001002
1974833501,57050210203,2877234225,570502102
2083379802,5705240103,2877238855,570502401
503101,5031010201,2876206632,50310102
59990040,59990040101,2876192270,599900401
1473879151,125000101,2876197998,1250001
1974833501,57050210101,2876203542,570502101
1620431266,152800101,2876199127,1528001
1473879151,125000102,2877197979,1250001
1620431258,152100201,2876197436,1521002
1620431258,152100101,2876196630,1521001
59990010,59990010102,2877445880,599900101
10020011,10020011111,2876197448,100200111
520202,5202020103,2877213187,52020201
2703103902,134002103,2877225600,1340021
59990030,59990030102,2877192662,599900301
2083379801,5705230201,2876236147,570502302
2203541451,57060020112,2877412745,570600201
2083379802,5705240102,2877210413,570502401
2203541451,57060020212,2877426069,570600202
1974833501,57050210201,2876209368,570502102
2435797501,17030010201,2876190791,170300102
2203541451,57060020112,2877412711,570600201
2083379802,5705240103,2877238858,570502401
6020010,60200100101,2876219578,602001001
2703103903,134003101,2877285141,1340031
1620431254,171600204,2877169379,1716002
2843786501,5403001101,2876185887,540300101
59990030,59990030103,2877163389,599900301
500301,5003010103,2877233703,50030101
2083379802,5705240201,2876246720,570502402
2083379801,5705230102,2877207634,570502301
2083379801,5705230101,2876220787,570502301
6020010,60200100201,2876233105,602001002
1620431257,152000202,2877199590,1520002
1473879151,125000201,2876200392,1250002
1473879156,125501103,2877228964,1255011
59990010,59990010105,2876200352,599900101
2844734851,5227010202,2877183873,522700102
9259281,92592810101,2876211539,9259281001
520202,5202020204,2876227920,52020202
2083379801,5705230203,2877244636,570502302
2203541451,57060020211,2877281468,570600202
2083379802,5705240201,2876246709,570502402
59990010,59990010202,2877453259,599900102
2083379802,5705240104,2877180507,570502401
2083379802,5705240103,2877237635,570502401
2146245651,142001201,2876206606,1420012
590422,5904220201,2876202350,59042202
5025530,5025530203,2877227066,50255302
59990030,59990030101,2876192839,599900301
1980349051,137000101,2877293549,1370001
2083379801,5705230202,2877221267,570502302
1473879157,125502102,2877194810,1255021
59990030,59990030101,2876192838,599900301
1473879156,125501203,2877229440,1255012
2111014951,148511202,2877232092,1485112
59990010,59990010101,2877291196,599900101
2083379802,5705240103,2877237647,570502401
2083379801,5705230203,2877244643,570502302
2083379801,5705230102,2877209207,570502301
1473879152,125101201,2876196607,1251012
1974833501,57050210203,2877234217,570502102
2083379801,5705230201,2876240855,570502302
1980349061,137600201,2876201646,1376002
5025530,5025530103,2877224311,50255301
2083379802,5705240204,2877186886,570502402
2703103901,134001201,2877286093,1340012
59990030,59990030103,2877163375,599900301
59990010,59990010105,2876199616,599900101
59990010,59990010205,2876207429,599900102
2435797502,17030020103,2877218409,170300201
2100452962,148802101,2876203523,1488021
5105120,51051200101,2876185863,510512001
1473879156,125501101,2876196643,1255011
2076567802,136002202,2877201467,1360022
59990010,59990010105,2876199638,599900101
6020010,60200100101,2876218588,602001001
1473879151,125000104,2877166935,1250001
2843786501,5403001203,2877214215,540300102
59990010,59990010101,2877291198,599900101
591000501,5910005010201,2876186692,59100050102
2100452951,148001101,2876196627,1480011
59990010,59990010101,2877291192,599900101
2042522755,141502103,2877171711,1415021
520251,5202510201,2876211512,52025102
2203541451,57060020113,2877185078,570600201
2083379802,5705240202,2877223146,570502402
520202,5202020203,2877223137,52020202
591000200,5910002000203,2877160080,59100020002
59990010,59990010204,2877173820,599900102
10020012,10020012212,2877192698,100200122
2844734851,5227010202,2877183872,522700102
1473879157,125502201,2876196625,1255022
510703,5107030102,2877234213,51070301
2703103901,134001101,2877285117,1340011
2083379802,5705240201,2876245225,570502402
1980349058,137402201,2877295084,1374022
2083379801,5705230103,2877235933,570502301
2083379802,5705240201,2876245250,570502402
2042522753,141100203,2877171712,1411002
5025530,5025530204,2877164228,50255302
2843786501,5403001202,2877182933,540300102
6020010,60200100101,2876220760,602001001
520202,5202020103,2877214205,52020201
510703,5107030102,2877233745,51070301
501201,5012010101,2876202343,50120101
1473879154,125200104,2877164249,1252001
59990010,59990010202,2877453251,599900102
2083379802,5705240201,2876245222,570502402
2042522751,141001201,2876201621,1410012
2083379801,5705230101,2876219563,570502301
2083379802,5705240203,2877248923,570502402
500301,5003010102,2877205352,50030101
2083379803,57050219201,2877183886,570502192
520202,5202020104,2876214205,52020201
2083379802,5705240204,2877186873,570502402
59990010,59990010203,2877202133,599900102
590503,5905030101,2876206204,59050301
2083379802,5705240201,2876245242,570502402
510703,5107030101,2877177804,51070301
2203541451,57060020116,2876188389,570600201
2083379802,5705240201,2876243979,570502402
59990010,59990010205,2876207433,599900102
2083379802,5705240101,2876226852,570502401
2844734851,5227010201,2876189719,522700102
520202,5202020202,2877247656,52020202
2703103901,134001101,2877285119,1340011